trial_id,condition,planner,success,truth_path_available,dynamic_inserted,oracle_state,predicted_state,decision_correct,latency_ms,expansions,path_length,truth_path_length,path_length_ratio,clearance_cells,collisions,perception_precision,perception_recall,perception_f1
1,baseline,dijkstra_navfn_style,1,1,0,SLOW,SLOW,1,26.892914,2764,70.468037,70.468037,1.000000,1.000000,0,0.982659,0.982659,0.982659
1,baseline,a_star,1,1,0,SLOW,SLOW,1,1.636263,162,70.468037,70.468037,1.000000,1.000000,0,0.982659,0.982659,0.982659
1,baseline,weighted_a_star,1,1,0,SLOW,SLOW,1,0.647873,52,70.468037,70.468037,1.000000,1.000000,0,0.982659,0.982659,0.982659
2,baseline,dijkstra_navfn_style,1,1,0,SLOW,SLOW,1,27.014385,2765,71.053824,71.053824,1.000000,1.000000,0,0.967930,0.976471,0.972182
2,baseline,a_star,1,1,0,SLOW,SLOW,1,1.588697,207,71.053824,71.053824,1.000000,1.000000,0,0.967930,0.976471,0.972182
2,baseline,weighted_a_star,1,1,0,SLOW,SLOW,1,0.554733,55,71.639610,71.053824,1.008244,1.000000,0,0.967930,0.976471,0.972182
3,baseline,dijkstra_navfn_style,1,1,0,SLOW,SLOW,1,22.170675,2725,70.468037,70.468037,1.000000,1.000000,0,0.937500,0.967742,0.952381
3,baseline,a_star,0,1,0,SLOW,STOP,0,1.229458,125,70.468037,70.468037,1.000000,1.000000,1,0.937500,0.967742,0.952381
3,baseline,weighted_a_star,0,1,0,SLOW,STOP,0,0.628322,53,70.468037,70.468037,1.000000,1.000000,1,0.937500,0.967742,0.952381
4,baseline,dijkstra_navfn_style,0,1,0,SLOW,STOP,0,21.611074,2776,70.468037,70.468037,1.000000,1.000000,1,0.954545,0.954545,0.954545
4,baseline,a_star,1,1,0,SLOW,SLOW,1,1.143690,109,70.468037,70.468037,1.000000,1.000000,0,0.954545,0.954545,0.954545
4,baseline,weighted_a_star,1,1,0,SLOW,SLOW,1,0.599462,52,70.468037,70.468037,1.000000,1.000000,0,0.954545,0.954545,0.954545
5,baseline,dijkstra_navfn_style,0,1,0,SLOW,STOP,0,17.038908,2814,71.053824,72.225397,0.983779,1.000000,2,0.966777,0.944805,0.955665
5,baseline,a_star,0,1,0,SLOW,STOP,0,1.737333,240,71.053824,72.225397,0.983779,1.000000,2,0.966777,0.944805,0.955665
5,baseline,weighted_a_star,0,1,0,SLOW,STOP,0,0.483229,58,71.639610,72.225397,0.991889,1.000000,3,0.966777,0.944805,0.955665
6,baseline,dijkstra_navfn_style,1,1,0,SLOW,SLOW,1,20.038809,2738,70.468037,69.882251,1.008382,1.000000,0,0.937838,0.969274,0.953297
6,baseline,a_star,1,1,0,SLOW,SLOW,1,1.718166,142,70.468037,69.882251,1.008382,1.000000,0,0.937838,0.969274,0.953297
6,baseline,weighted_a_star,1,1,0,SLOW,SLOW,1,0.517008,52,70.468037,69.882251,1.008382,1.000000,0,0.937838,0.969274,0.953297
7,baseline,dijkstra_navfn_style,0,1,0,SLOW,STOP,0,21.495834,2807,70.468037,70.468037,1.000000,1.000000,1,0.933993,0.940199,0.937086
7,baseline,a_star,1,1,0,SLOW,SLOW,1,1.430558,123,70.468037,70.468037,1.000000,1.000000,0,0.933993,0.940199,0.937086
7,baseline,weighted_a_star,1,1,0,SLOW,SLOW,1,0.632176,52,70.468037,70.468037,1.000000,1.000000,0,0.933993,0.940199,0.937086
8,baseline,dijkstra_navfn_style,1,1,0,PROCEED,SLOW,0,19.613666,2801,69.882251,69.882251,1.000000,1,0,0.943522,0.953020,0.948247
8,baseline,a_star,1,1,0,PROCEED,SLOW,0,0.714728,74,69.882251,69.882251,1.000000,1,0,0.943522,0.953020,0.948247
8,baseline,weighted_a_star,1,1,0,PROCEED,SLOW,0,0.558157,51,69.882251,69.882251,1.000000,1,0,0.943522,0.953020,0.948247
9,baseline,dijkstra_navfn_style,1,1,0,SLOW,SLOW,1,19.533264,2748,69.882251,69.882251,1.000000,1,0,0.960227,0.946779,0.953456
9,baseline,a_star,1,1,0,SLOW,SLOW,1,0.880158,121,69.882251,69.882251,1.000000,1,0,0.960227,0.946779,0.953456
9,baseline,weighted_a_star,1,1,0,SLOW,SLOW,1,0.523609,54,71.053824,69.882251,1.016765,1.000000,0,0.960227,0.946779,0.953456
10,baseline,dijkstra_navfn_style,1,1,0,SLOW,SLOW,1,14.705141,2746,72.811183,72.811183,1.000000,1.000000,0,0.964286,0.961644,0.962963
10,baseline,a_star,1,1,0,SLOW,SLOW,1,2.133036,308,72.811183,72.811183,1.000000,1.000000,0,0.964286,0.961644,0.962963
10,baseline,weighted_a_star,0,1,0,SLOW,STOP,0,0.623297,76,72.811183,72.811183,1.000000,1.000000,1,0.964286,0.961644,0.962963
11,baseline,dijkstra_navfn_style,1,1,0,SLOW,SLOW,1,19.479136,2748,69.296465,69.296465,1.000000,1.000000,0,0.968481,0.965714,0.967096
11,baseline,a_star,1,1,0,SLOW,SLOW,1,0.550042,50,69.296465,69.296465,1.000000,1.000000,0,0.968481,0.965714,0.967096
11,baseline,weighted_a_star,1,1,0,SLOW,SLOW,1,0.691447,50,69.296465,69.296465,1.000000,1.000000,0,0.968481,0.965714,0.967096
12,baseline,dijkstra_navfn_style,1,1,0,SLOW,SLOW,1,14.114791,2770,70.468037,70.468037,1.000000,1.000000,0,0.946903,0.981651,0.963964
12,baseline,a_star,1,1,0,SLOW,SLOW,1,1.056689,144,70.468037,70.468037,1.000000,1.000000,0,0.946903,0.981651,0.963964
12,baseline,weighted_a_star,1,1,0,SLOW,SLOW,1,0.518124,53,71.053824,70.468037,1.008313,1.000000,0,0.946903,0.981651,0.963964
13,baseline,dijkstra_navfn_style,1,1,0,SLOW,SLOW,1,19.611203,2801,69.882251,69.882251,1.000000,1,0,0.930693,0.955932,0.943144
13,baseline,a_star,1,1,0,SLOW,SLOW,1,1.020344,103,69.882251,69.882251,1.000000,1,0,0.930693,0.955932,0.943144
13,baseline,weighted_a_star,1,1,0,SLOW,SLOW,1,0.525720,51,69.882251,69.882251,1.000000,1,0,0.930693,0.955932,0.943144
14,baseline,dijkstra_navfn_style,1,1,0,SLOW,SLOW,1,19.720450,2821,69.882251,69.882251,1.000000,1,0,0.939716,0.953237,0.946429
14,baseline,a_star,1,1,0,SLOW,SLOW,1,1.090770,115,69.882251,69.882251,1.000000,1,0,0.939716,0.953237,0.946429
14,baseline,weighted_a_star,1,1,0,SLOW,SLOW,1,0.542655,51,69.882251,69.882251,1.000000,1,0,0.939716,0.953237,0.946429
15,baseline,dijkstra_navfn_style,1,1,0,SLOW,SLOW,1,15.307319,2814,70.468037,70.468037,1.000000,1.000000,0,0.962457,0.959184,0.960818
15,baseline,a_star,1,1,0,SLOW,SLOW,1,1.158744,144,70.468037,70.468037,1.000000,1.100000,0,0.962457,0.959184,0.960818
15,baseline,weighted_a_star,1,1,0,SLOW,SLOW,1,0.615575,53,70.468037,70.468037,1.000000,1.000000,0,0.962457,0.959184,0.960818
16,baseline,dijkstra_navfn_style,1,1,0,SLOW,SLOW,1,14.700752,2811,70.468037,70.468037,1.000000,1.000000,0,0.969697,0.953642,0.961603
16,baseline,a_star,1,1,0,SLOW,SLOW,1,0.633974,88,70.468037,70.468037,1.000000,1.000000,0,0.969697,0.953642,0.961603
16,baseline,weighted_a_star,1,1,0,SLOW,SLOW,1,0.412978,53,70.468037,70.468037,1.000000,1.000000,0,0.969697,0.953642,0.961603
17,baseline,dijkstra_navfn_style,1,1,0,SLOW,SLOW,1,16.448504,2749,70.468037,70.468037,1.000000,1.000000,0,0.966102,0.985591,0.975749
17,baseline,a_star,1,1,0,SLOW,SLOW,1,1.416164,145,70.468037,70.468037,1.000000,1.000000,0,0.966102,0.985591,0.975749
17,baseline,weighted_a_star,1,1,0,SLOW,SLOW,1,0.577619,55,71.639610,70.468037,1.016626,1.000000,0,0.966102,0.985591,0.975749
18,baseline,dijkstra_navfn_style,1,1,0,SLOW,SLOW,1,25.635545,2745,70.468037,70.468037,1.000000,1.000000,0,0.969359,0.945652,0.957359
18,baseline,a_star,1,1,0,SLOW,SLOW,1,1.564847,169,70.468037,70.468037,1.000000,1.000000,0,0.969359,0.945652,0.957359
18,baseline,weighted_a_star,1,1,0,SLOW,SLOW,1,0.569016,54,71.053824,70.468037,1.008313,1.000000,0,0.969359,0.945652,0.957359
19,baseline,dijkstra_navfn_style,1,1,0,SLOW,SLOW,1,19.668720,2749,72.225397,72.225397,1.000000,1.000000,0,0.947802,0.934959,0.941337
19,baseline,a_star,0,1,0,SLOW,STOP,0,3.554516,390,72.225397,72.225397,1.000000,1.000000,1,0.947802,0.934959,0.941337
19,baseline,weighted_a_star,0,1,0,SLOW,STOP,0,0.917303,91,73.396970,72.225397,1.016221,1.000000,2,0.947802,0.934959,0.941337
20,baseline,dijkstra_navfn_style,1,1,0,PROCEED,PROCEED,1,20.352053,2816,69.296465,69.296465,1.000000,1.900000,0,0.971429,0.954386,0.962832
20,baseline,a_star,1,1,0,PROCEED,PROCEED,1,0.645661,50,69.296465,69.296465,1.000000,1.900000,0,0.971429,0.954386,0.962832
20,baseline,weighted_a_star,1,1,0,PROCEED,PROCEED,1,0.617955,50,69.296465,69.296465,1.000000,1.900000,0,0.971429,0.954386,0.962832
21,baseline,dijkstra_navfn_style,1,1,0,PROCEED,PROCEED,1,19.527353,2803,69.296465,69.296465,1.000000,2.000000,0,0.962457,0.975779,0.969072
21,baseline,a_star,1,1,0,PROCEED,PROCEED,1,0.599632,50,69.296465,69.296465,1.000000,2.000000,0,0.962457,0.975779,0.969072
21,baseline,weighted_a_star,1,1,0,PROCEED,PROCEED,1,0.469343,50,69.296465,69.296465,1.000000,2.000000,0,0.962457,0.975779,0.969072
22,baseline,dijkstra_navfn_style,1,1,0,SLOW,SLOW,1,15.051132,2785,70.468037,70.468037,1.000000,1.000000,0,0.981651,0.984663,0.983155
22,baseline,a_star,1,1,0,SLOW,SLOW,1,0.829919,120,70.468037,70.468037,1.000000,1.000000,0,0.981651,0.984663,0.983155
22,baseline,weighted_a_star,0,1,0,SLOW,STOP,0,0.401849,52,70.468037,70.468037,1.000000,1.000000,1,0.981651,0.984663,0.983155
23,baseline,dijkstra_navfn_style,1,1,0,SLOW,SLOW,1,19.614106,2788,69.882251,69.882251,1.000000,1,0,0.955272,0.955272,0.955272
23,baseline,a_star,1,1,0,SLOW,SLOW,1,0.928581,99,69.882251,69.882251,1.000000,1,0,0.955272,0.955272,0.955272
23,baseline,weighted_a_star,1,1,0,SLOW,SLOW,1,0.548193,52,70.468037,69.882251,1.008382,1.000000,0,0.955272,0.955272,0.955272
24,baseline,dijkstra_navfn_style,1,1,0,SLOW,SLOW,1,19.588276,2758,69.882251,69.882251,1.000000,1,0,0.953216,0.956012,0.954612
24,baseline,a_star,1,1,0,SLOW,SLOW,1,0.686280,65,69.882251,69.882251,1.000000,1,0,0.953216,0.956012,0.954612
24,baseline,weighted_a_star,1,1,0,SLOW,SLOW,1,0.533061,51,69.882251,69.882251,1.000000,1,0,0.953216,0.956012,0.954612
25,baseline,dijkstra_navfn_style,0,1,0,SLOW,STOP,0,33.013541,2752,69.882251,69.882251,1.000000,1,1,0.954802,0.991202,0.972662
25,baseline,a_star,1,1,0,SLOW,SLOW,1,1.084743,65,69.882251,69.882251,1.000000,1,0,0.954802,0.991202,0.972662
25,baseline,weighted_a_star,1,1,0,SLOW,SLOW,1,10.262485,51,69.882251,69.882251,1.000000,1,0,0.954802,0.991202,0.972662
26,baseline,dijkstra_navfn_style,1,1,0,SLOW,SLOW,1,20.550726,2815,70.468037,70.468037,1.000000,1.000000,0,0.928082,0.960993,0.944251
26,baseline,a_star,1,1,0,SLOW,SLOW,1,1.314244,126,70.468037,70.468037,1.000000,1.000000,0,0.928082,0.960993,0.944251
26,baseline,weighted_a_star,1,1,0,SLOW,SLOW,1,0.550725,52,70.468037,70.468037,1.000000,1.000000,0,0.928082,0.960993,0.944251
27,baseline,dijkstra_navfn_style,1,1,0,PROCEED,PROCEED,1,20.612778,2766,69.882251,69.882251,1.000000,2,0,0.955224,0.952381,0.953800
27,baseline,a_star,1,1,0,PROCEED,PROCEED,1,0.827043,68,69.882251,69.882251,1.000000,2,0,0.955224,0.952381,0.953800
27,baseline,weighted_a_star,1,1,0,PROCEED,PROCEED,1,0.640314,51,69.882251,69.882251,1.000000,2,0,0.955224,0.952381,0.953800
28,baseline,dijkstra_navfn_style,1,1,0,SLOW,SLOW,1,13.619017,2730,69.882251,69.882251,1.000000,1,0,0.965517,0.960422,0.962963
28,baseline,a_star,1,1,0,SLOW,SLOW,1,0.502521,67,69.882251,69.882251,1.000000,1,0,0.965517,0.960422,0.962963
28,baseline,weighted_a_star,1,1,0,SLOW,SLOW,1,0.414602,51,69.882251,69.882251,1.000000,1,0,0.965517,0.960422,0.962963
29,baseline,dijkstra_navfn_style,1,1,0,SLOW,SLOW,1,19.920365,2752,69.882251,69.882251,1.000000,1,0,0.979827,0.982659,0.981241
29,baseline,a_star,1,1,0,SLOW,SLOW,1,0.812865,84,69.882251,69.882251,1.000000,1,0,0.979827,0.982659,0.981241
29,baseline,weighted_a_star,1,1,0,SLOW,SLOW,1,0.548191,51,69.882251,69.882251,1.000000,1,0,0.979827,0.982659,0.981241
30,baseline,dijkstra_navfn_style,1,1,0,SLOW,SLOW,1,20.754851,2778,72.811183,72.811183,1.000000,1.000000,0,0.961652,0.961652,0.961652
30,baseline,a_star,1,1,0,SLOW,SLOW,1,3.281974,378,72.811183,72.811183,1.000000,1.000000,0,0.961652,0.961652,0.961652
30,baseline,weighted_a_star,1,1,0,SLOW,SLOW,1,0.856261,88,72.811183,72.811183,1.000000,1.000000,0,0.961652,0.961652,0.961652
31,cluttered_static,dijkstra_navfn_style,1,1,0,SLOW,SLOW,1,19.314955,2576,70.468037,70.468037,1.000000,1.000000,0,0.947368,0.931608,0.939422
31,cluttered_static,a_star,1,1,0,SLOW,SLOW,1,1.101302,115,70.468037,70.468037,1.000000,1.000000,0,0.947368,0.931608,0.939422
31,cluttered_static,weighted_a_star,1,1,0,SLOW,SLOW,1,0.543928,52,70.468037,70.468037,1.000000,1.000000,0,0.947368,0.931608,0.939422
32,cluttered_static,dijkstra_navfn_style,0,1,0,SLOW,STOP,0,28.526168,2601,70.468037,71.053824,0.991756,1.000000,1,0.958580,0.962376,0.960474
32,cluttered_static,a_star,0,1,0,SLOW,STOP,0,1.612997,147,70.468037,71.053824,0.991756,1.000000,1,0.958580,0.962376,0.960474
32,cluttered_static,weighted_a_star,0,1,0,SLOW,STOP,0,0.610575,55,71.053824,71.053824,1.000000,1.000000,1,0.958580,0.962376,0.960474
33,cluttered_static,dijkstra_navfn_style,1,1,0,SLOW,SLOW,1,23.107423,2607,72.225397,72.225397,1.000000,1.000000,0,0.961014,0.942639,0.951737
33,cluttered_static,a_star,1,1,0,SLOW,SLOW,1,3.059301,341,72.225397,72.225397,1.000000,1.000000,0,0.961014,0.942639,0.951737
33,cluttered_static,weighted_a_star,1,1,0,SLOW,SLOW,1,0.645889,63,72.225397,72.225397,1.000000,1.000000,0,0.961014,0.942639,0.951737
34,cluttered_static,dijkstra_navfn_style,1,1,0,SLOW,SLOW,1,17.180245,2581,70.468037,70.468037,1.000000,1.000000,0,0.952652,0.947269,0.949953
34,cluttered_static,a_star,1,1,0,SLOW,SLOW,1,1.039472,114,70.468037,70.468037,1.000000,1.000000,0,0.952652,0.947269,0.949953
34,cluttered_static,weighted_a_star,1,1,0,SLOW,SLOW,1,0.561407,53,70.468037,70.468037,1.000000,1.000000,0,0.952652,0.947269,0.949953
35,cluttered_static,dijkstra_navfn_style,1,1,0,PROCEED,PROCEED,1,17.046685,2588,69.882251,69.882251,1.000000,2,0,0.972973,0.942056,0.957265
35,cluttered_static,a_star,1,1,0,PROCEED,PROCEED,1,1.017350,110,69.882251,69.882251,1.000000,2,0,0.972973,0.942056,0.957265
35,cluttered_static,weighted_a_star,1,1,0,PROCEED,PROCEED,1,0.542890,51,69.882251,69.882251,1.000000,2,0,0.972973,0.942056,0.957265
36,cluttered_static,dijkstra_navfn_style,1,1,0,SLOW,SLOW,1,16.632532,2513,71.639610,71.639610,1.000000,1.000000,0,0.967851,0.954925,0.961345
36,cluttered_static,a_star,1,1,0,SLOW,SLOW,1,1.495987,172,71.639610,71.639610,1.000000,1.000000,0,0.967851,0.954925,0.961345
36,cluttered_static,weighted_a_star,1,1,0,SLOW,SLOW,1,0.578284,58,72.225397,71.639610,1.008177,1.000000,0,0.967851,0.954925,0.961345
37,cluttered_static,dijkstra_navfn_style,1,1,0,SLOW,SLOW,1,17.411586,2565,69.882251,69.882251,1.000000,1,0,0.963168,0.947464,0.955251
37,cluttered_static,a_star,0,1,0,SLOW,STOP,0,0.673203,67,69.882251,69.882251,1.000000,1,1,0.963168,0.947464,0.955251
37,cluttered_static,weighted_a_star,0,1,0,SLOW,STOP,0,0.762043,51,69.882251,69.882251,1.000000,1,1,0.963168,0.947464,0.955251
38,cluttered_static,dijkstra_navfn_style,0,1,0,SLOW,STOP,0,17.653818,2575,71.053824,71.053824,1.000000,1.000000,1,0.957169,0.951852,0.954503
38,cluttered_static,a_star,1,1,0,SLOW,SLOW,1,1.617253,152,71.053824,71.053824,1.000000,1.000000,0,0.957169,0.951852,0.954503
38,cluttered_static,weighted_a_star,1,1,0,SLOW,SLOW,1,0.611732,59,71.053824,71.053824,1.000000,1.000000,0,0.957169,0.951852,0.954503
39,cluttered_static,dijkstra_navfn_style,1,1,0,SLOW,SLOW,1,13.114296,2633,70.468037,70.468037,1.000000,1.000000,0,0.947257,0.939331,0.943277
39,cluttered_static,a_star,1,1,0,SLOW,SLOW,1,0.926711,137,70.468037,70.468037,1.000000,1.000000,0,0.947257,0.939331,0.943277
39,cluttered_static,weighted_a_star,1,1,0,SLOW,SLOW,1,0.438520,56,71.639610,70.468037,1.016626,1.000000,0,0.947257,0.939331,0.943277
40,cluttered_static,dijkstra_navfn_style,0,1,0,SLOW,STOP,0,18.406648,2557,72.811183,72.811183,1.000000,1.000000,1,0.974820,0.949212,0.961846
40,cluttered_static,a_star,0,1,0,SLOW,STOP,0,2.666831,256,72.811183,72.811183,1.000000,1.000000,1,0.974820,0.949212,0.961846
40,cluttered_static,weighted_a_star,1,1,0,SLOW,SLOW,1,0.719961,69,73.982756,72.811183,1.016091,1.000000,0,0.974820,0.949212,0.961846
41,cluttered_static,dijkstra_navfn_style,0,1,0,SLOW,STOP,0,17.112419,2542,72.811183,73.396970,0.992019,1.000000,2,0.966725,0.932432,0.949269
41,cluttered_static,a_star,0,1,0,SLOW,STOP,0,3.116581,364,72.811183,73.396970,0.992019,1.000000,3,0.966725,0.932432,0.949269
41,cluttered_static,weighted_a_star,0,1,0,SLOW,STOP,0,0.675722,71,73.396970,73.396970,1.000000,1.000000,3,0.966725,0.932432,0.949269
42,cluttered_static,dijkstra_navfn_style,1,1,0,SLOW,SLOW,1,17.379991,2555,71.639610,71.639610,1.000000,1.000000,0,0.946714,0.962094,0.954342
42,cluttered_static,a_star,1,1,0,SLOW,SLOW,1,2.608792,280,71.639610,71.639610,1.000000,1.000000,0,0.946714,0.962094,0.954342
42,cluttered_static,weighted_a_star,0,1,0,SLOW,STOP,0,0.679017,68,71.639610,71.639610,1.000000,1.000000,1,0.946714,0.962094,0.954342
43,cluttered_static,dijkstra_navfn_style,1,1,0,SLOW,SLOW,1,17.939218,2650,71.053824,71.053824,1.000000,1.000000,0,0.971678,0.938947,0.955032
43,cluttered_static,a_star,1,1,0,SLOW,SLOW,1,1.377270,155,71.053824,71.053824,1.000000,1.000000,0,0.971678,0.938947,0.955032
43,cluttered_static,weighted_a_star,1,1,0,SLOW,SLOW,1,0.624166,53,71.053824,71.053824,1.000000,1.000000,0,0.971678,0.938947,0.955032
44,cluttered_static,dijkstra_navfn_style,1,1,0,SLOW,SLOW,1,16.859628,2492,71.053824,71.053824,1.000000,1.000000,0,0.967638,0.956800,0.962188
44,cluttered_static,a_star,1,1,0,SLOW,SLOW,1,1.800853,197,71.053824,71.053824,1.000000,1.000000,0,0.967638,0.956800,0.962188
44,cluttered_static,weighted_a_star,1,1,0,SLOW,SLOW,1,0.646488,64,71.639610,71.053824,1.008244,1.000000,0,0.967638,0.956800,0.962188
45,cluttered_static,dijkstra_navfn_style,1,1,0,SLOW,SLOW,1,18.098788,2588,70.468037,70.468037,1.000000,1.000000,0,0.961759,0.949057,0.955366
45,cluttered_static,a_star,1,1,0,SLOW,SLOW,1,1.383023,141,70.468037,70.468037,1.000000,1.000000,0,0.961759,0.949057,0.955366
45,cluttered_static,weighted_a_star,1,1,0,SLOW,SLOW,1,0.631251,53,71.053824,70.468037,1.008313,1.000000,0,0.961759,0.949057,0.955366
46,cluttered_static,dijkstra_navfn_style,0,1,0,SLOW,STOP,0,12.970114,2588,70.468037,70.468037,1.000000,1.000000,1,0.955513,0.942748,0.949087
46,cluttered_static,a_star,0,1,0,SLOW,STOP,0,1.343461,118,70.468037,70.468037,1.000000,1.000000,2,0.955513,0.942748,0.949087
46,cluttered_static,weighted_a_star,0,1,0,SLOW,STOP,0,0.456104,52,70.468037,70.468037,1.000000,1.000000,2,0.955513,0.942748,0.949087
47,cluttered_static,dijkstra_navfn_style,1,1,0,SLOW,SLOW,1,18.720949,2664,70.468037,70.468037,1.000000,1.000000,0,0.955257,0.940529,0.947836
47,cluttered_static,a_star,1,1,0,SLOW,SLOW,1,1.379377,134,70.468037,70.468037,1.000000,1.000000,0,0.955257,0.940529,0.947836
47,cluttered_static,weighted_a_star,1,1,0,SLOW,SLOW,1,0.578808,52,70.468037,70.468037,1.000000,1.000000,0,0.955257,0.940529,0.947836
48,cluttered_static,dijkstra_navfn_style,1,1,0,SLOW,SLOW,1,16.911463,2577,71.639610,71.053824,1.008244,1.000000,0,0.971751,0.926391,0.948529
48,cluttered_static,a_star,0,1,0,SLOW,STOP,0,1.477471,222,71.639610,71.053824,1.008244,1.000000,1,0.971751,0.926391,0.948529
48,cluttered_static,weighted_a_star,0,1,0,SLOW,STOP,0,0.412588,55,72.225397,71.053824,1.016489,1.000000,1,0.971751,0.926391,0.948529
49,cluttered_static,dijkstra_navfn_style,1,1,0,SLOW,SLOW,1,13.267285,2562,70.468037,70.468037,1.000000,1.000000,0,0.954212,0.940433,0.947273
49,cluttered_static,a_star,1,1,0,SLOW,SLOW,1,1.042300,154,70.468037,70.468037,1.000000,1.000000,0,0.954212,0.940433,0.947273
49,cluttered_static,weighted_a_star,1,1,0,SLOW,SLOW,1,0.423541,53,71.053824,70.468037,1.008313,1.000000,0,0.954212,0.940433,0.947273
50,cluttered_static,dijkstra_navfn_style,1,1,0,SLOW,SLOW,1,18.942353,2617,71.053824,71.053824,1.000000,1.000000,0,0.959350,0.938370,0.948744
50,cluttered_static,a_star,1,1,0,SLOW,SLOW,1,1.458360,206,71.053824,71.053824,1.000000,1.000000,0,0.959350,0.938370,0.948744
50,cluttered_static,weighted_a_star,1,1,0,SLOW,SLOW,1,0.478994,56,71.053824,71.053824,1.000000,1.000000,0,0.959350,0.938370,0.948744
51,cluttered_static,dijkstra_navfn_style,1,1,0,SLOW,SLOW,1,50.942477,2565,71.053824,71.053824,1.000000,1.000000,0,0.974453,0.943463,0.958707
51,cluttered_static,a_star,1,1,0,SLOW,SLOW,1,12.296709,179,71.053824,71.053824,1.000000,1.000000,0,0.974453,0.943463,0.958707
51,cluttered_static,weighted_a_star,1,1,0,SLOW,SLOW,1,0.558123,54,71.053824,71.053824,1.000000,1.000000,0,0.974453,0.943463,0.958707
52,cluttered_static,dijkstra_navfn_style,1,1,0,SLOW,SLOW,1,18.373374,2647,70.468037,70.468037,1.000000,1.000000,0,0.954048,0.954048,0.954048
52,cluttered_static,a_star,1,1,0,SLOW,SLOW,1,1.835311,154,70.468037,70.468037,1.000000,1.000000,0,0.954048,0.954048,0.954048
52,cluttered_static,weighted_a_star,1,1,0,SLOW,SLOW,1,0.669443,53,70.468037,70.468037,1.000000,1.000000,0,0.954048,0.954048,0.954048
53,cluttered_static,dijkstra_navfn_style,1,1,0,SLOW,SLOW,1,17.953437,2592,71.639610,71.639610,1.000000,1.000000,0,0.944444,0.948077,0.946257
53,cluttered_static,a_star,1,1,0,SLOW,SLOW,1,2.367389,265,71.639610,71.639610,1.000000,1.000000,0,0.944444,0.948077,0.946257
53,cluttered_static,weighted_a_star,1,1,0,SLOW,SLOW,1,0.572557,56,72.225397,71.639610,1.008177,1.000000,0,0.944444,0.948077,0.946257
54,cluttered_static,dijkstra_navfn_style,0,1,0,SLOW,STOP,0,17.433130,2534,71.053824,71.639610,0.991823,1.000000,1,0.949123,0.966071,0.957522
54,cluttered_static,a_star,0,1,0,SLOW,STOP,0,1.487332,169,71.053824,71.639610,0.991823,1.000000,2,0.949123,0.966071,0.957522
54,cluttered_static,weighted_a_star,0,1,0,SLOW,STOP,0,0.610980,54,71.053824,71.639610,0.991823,1.000000,2,0.949123,0.966071,0.957522
55,cluttered_static,dijkstra_navfn_style,1,1,0,SLOW,SLOW,1,18.518858,2601,70.468037,70.468037,1.000000,1.000000,0,0.956693,0.958580,0.957635
55,cluttered_static,a_star,1,1,0,SLOW,SLOW,1,1.189422,128,70.468037,70.468037,1.000000,1.000000,0,0.956693,0.958580,0.957635
55,cluttered_static,weighted_a_star,1,1,0,SLOW,SLOW,1,0.565609,53,70.468037,70.468037,1.000000,1.000000,0,0.956693,0.958580,0.957635
56,cluttered_static,dijkstra_navfn_style,1,1,0,SLOW,SLOW,1,17.784076,2577,69.882251,69.882251,1.000000,1,0,0.962406,0.925859,0.943779
56,cluttered_static,a_star,1,1,0,SLOW,SLOW,1,1.241210,133,69.882251,69.882251,1.000000,1,0,0.962406,0.925859,0.943779
56,cluttered_static,weighted_a_star,1,1,0,SLOW,SLOW,1,0.567798,54,70.468037,69.882251,1.008382,1.000000,0,0.962406,0.925859,0.943779
57,cluttered_static,dijkstra_navfn_style,1,1,0,SLOW,SLOW,1,17.405340,2542,71.053824,70.468037,1.008313,1.000000,0,0.952548,0.971326,0.961846
57,cluttered_static,a_star,1,1,0,SLOW,SLOW,1,1.657722,184,71.053824,70.468037,1.008313,1.000000,0,0.952548,0.971326,0.961846
57,cluttered_static,weighted_a_star,1,1,0,SLOW,SLOW,1,0.581859,54,71.639610,70.468037,1.016626,1.000000,0,0.952548,0.971326,0.961846
58,cluttered_static,dijkstra_navfn_style,1,1,0,SLOW,SLOW,1,22.266862,2545,71.053824,71.053824,1.000000,1.000000,0,0.953901,0.955595,0.954747
58,cluttered_static,a_star,1,1,0,SLOW,SLOW,1,1.559379,166,71.053824,71.053824,1.000000,1.000000,0,0.953901,0.955595,0.954747
58,cluttered_static,weighted_a_star,1,1,0,SLOW,SLOW,1,0.624687,56,71.053824,71.053824,1.000000,1.000000,0,0.953901,0.955595,0.954747
59,cluttered_static,dijkstra_navfn_style,1,1,0,SLOW,SLOW,1,11.729100,2548,71.639610,71.639610,1.000000,1.000000,0,0.972924,0.939024,0.955674
59,cluttered_static,a_star,0,1,0,SLOW,STOP,0,2.112942,216,71.639610,71.639610,1.000000,1.000000,1,0.972924,0.939024,0.955674
59,cluttered_static,weighted_a_star,0,1,0,SLOW,STOP,0,0.651092,58,72.225397,71.639610,1.008177,1.000000,1,0.972924,0.939024,0.955674
60,cluttered_static,dijkstra_navfn_style,1,1,0,SLOW,SLOW,1,17.847328,2617,70.468037,70.468037,1.000000,1.000000,0,0.967213,0.944000,0.955466
60,cluttered_static,a_star,1,1,0,SLOW,SLOW,1,1.239338,123,70.468037,70.468037,1.000000,1.000000,0,0.967213,0.944000,0.955466
60,cluttered_static,weighted_a_star,1,1,0,SLOW,SLOW,1,0.798687,52,70.468037,70.468037,1.000000,1.000000,0,0.967213,0.944000,0.955466
61,sensor_noise,dijkstra_navfn_style,0,1,0,SLOW,STOP,0,18.377527,2648,72.811183,72.811183,1.000000,1.000000,1,0.793177,0.887828,0.837838
61,sensor_noise,a_star,0,1,0,SLOW,STOP,0,2.957859,332,72.811183,72.811183,1.000000,1.000000,2,0.793177,0.887828,0.837838
61,sensor_noise,weighted_a_star,1,1,0,SLOW,SLOW,1,0.706602,74,72.811183,72.811183,1.000000,1.000000,0,0.793177,0.887828,0.837838
62,sensor_noise,dijkstra_navfn_style,1,1,0,SLOW,SLOW,1,21.323357,2649,69.882251,69.296465,1.008453,1,0,0.807018,0.876190,0.840183
62,sensor_noise,a_star,1,1,0,SLOW,SLOW,1,1.174026,104,69.882251,69.296465,1.008453,2,0,0.807018,0.876190,0.840183
62,sensor_noise,weighted_a_star,1,1,0,SLOW,SLOW,1,0.653803,51,69.882251,69.296465,1.008453,2,0,0.807018,0.876190,0.840183
63,sensor_noise,dijkstra_navfn_style,1,1,0,SLOW,SLOW,1,18.869224,2668,70.468037,70.468037,1.000000,1.000000,0,0.810069,0.867647,0.837870
63,sensor_noise,a_star,1,1,0,SLOW,SLOW,1,1.195842,127,70.468037,70.468037,1.000000,1.000000,0,0.810069,0.867647,0.837870
63,sensor_noise,weighted_a_star,1,1,0,SLOW,SLOW,1,0.557395,55,71.053824,70.468037,1.008313,1.000000,0,0.810069,0.867647,0.837870
64,sensor_noise,dijkstra_navfn_style,1,1,0,SLOW,SLOW,1,21.910080,2661,72.811183,72.811183,1.000000,1.000000,0,0.823266,0.880383,0.850867
64,sensor_noise,a_star,0,1,0,SLOW,STOP,0,3.055431,357,72.811183,72.811183,1.000000,1.000000,1,0.823266,0.880383,0.850867
64,sensor_noise,weighted_a_star,0,1,0,SLOW,STOP,0,0.639833,68,73.982756,72.811183,1.016091,1.000000,1,0.823266,0.880383,0.850867
65,sensor_noise,dijkstra_navfn_style,0,1,0,SLOW,STOP,0,18.658229,2646,69.882251,69.882251,1.000000,1,1,0.811404,0.893720,0.850575
65,sensor_noise,a_star,1,1,0,SLOW,SLOW,1,0.803667,60,69.882251,69.882251,1.000000,1,0,0.811404,0.893720,0.850575
65,sensor_noise,weighted_a_star,1,1,0,SLOW,SLOW,1,0.588605,51,69.882251,69.882251,1.000000,1,0,0.811404,0.893720,0.850575
66,sensor_noise,dijkstra_navfn_style,1,1,0,SLOW,SLOW,1,13.318505,2645,69.882251,69.882251,1.000000,2,0,0.818584,0.887290,0.851554
66,sensor_noise,a_star,1,1,0,SLOW,SLOW,1,0.667531,73,69.882251,69.882251,1.000000,1,0,0.818584,0.887290,0.851554
66,sensor_noise,weighted_a_star,1,1,0,SLOW,SLOW,1,0.439091,53,70.468037,69.882251,1.008382,1.100000,0,0.818584,0.887290,0.851554
67,sensor_noise,dijkstra_navfn_style,0,1,0,SLOW,STOP,0,17.058700,2542,71.639610,71.639610,1.000000,1.000000,2,0.810036,0.891519,0.848826
67,sensor_noise,a_star,1,1,0,SLOW,SLOW,1,3.192376,272,71.639610,71.639610,1.000000,1.300000,0,0.810036,0.891519,0.848826
67,sensor_noise,weighted_a_star,0,1,0,SLOW,STOP,0,0.619104,59,72.225397,71.639610,1.008177,1.000000,1,0.810036,0.891519,0.848826
68,sensor_noise,dijkstra_navfn_style,1,1,0,SLOW,SLOW,1,18.967897,2660,71.639610,71.639610,1.000000,1.000000,0,0.790749,0.911168,0.846698
68,sensor_noise,a_star,1,1,0,SLOW,SLOW,1,1.990598,213,71.639610,71.639610,1.000000,1.000000,0,0.790749,0.911168,0.846698
68,sensor_noise,weighted_a_star,1,1,0,SLOW,SLOW,1,0.600208,60,71.639610,71.639610,1.000000,1.000000,0,0.790749,0.911168,0.846698
69,sensor_noise,dijkstra_navfn_style,1,1,0,SLOW,SLOW,1,19.135208,2677,69.882251,69.882251,1.000000,1,0,0.797170,0.882507,0.837670
69,sensor_noise,a_star,1,1,0,SLOW,SLOW,1,1.026444,113,69.882251,69.882251,1.000000,1,0,0.797170,0.882507,0.837670
69,sensor_noise,weighted_a_star,0,1,0,SLOW,STOP,0,0.557813,52,70.468037,69.882251,1.008382,1.000000,2,0.797170,0.882507,0.837670
70,sensor_noise,dijkstra_navfn_style,0,1,0,SLOW,STOP,0,17.835469,2627,71.053824,70.468037,1.008313,1.000000,1,0.820833,0.893424,0.855592
70,sensor_noise,a_star,1,1,0,SLOW,SLOW,1,1.645562,154,71.053824,70.468037,1.008313,1.000000,0,0.820833,0.893424,0.855592
70,sensor_noise,weighted_a_star,1,1,0,SLOW,SLOW,1,0.547552,54,71.639610,70.468037,1.016626,1.000000,0,0.820833,0.893424,0.855592
71,sensor_noise,dijkstra_navfn_style,1,1,0,SLOW,SLOW,1,18.760489,2623,72.225397,72.225397,1.000000,1.000000,0,0.815951,0.890625,0.851654
71,sensor_noise,a_star,1,1,0,SLOW,SLOW,1,2.337081,273,72.225397,72.225397,1.000000,1.000000,0,0.815951,0.890625,0.851654
71,sensor_noise,weighted_a_star,1,1,0,SLOW,SLOW,1,0.657689,69,73.396970,72.225397,1.016221,1.000000,0,0.815951,0.890625,0.851654
72,sensor_noise,dijkstra_navfn_style,1,1,0,SLOW,SLOW,1,14.187742,2684,71.053824,70.468037,1.008313,1.000000,0,0.800000,0.910053,0.851485
72,sensor_noise,a_star,1,1,0,SLOW,SLOW,1,1.153059,173,71.053824,70.468037,1.008313,1.000000,0,0.800000,0.910053,0.851485
72,sensor_noise,weighted_a_star,1,1,0,SLOW,SLOW,1,0.482359,55,71.053824,70.468037,1.008313,1.000000,0,0.800000,0.910053,0.851485
73,sensor_noise,dijkstra_navfn_style,1,1,0,SLOW,SLOW,1,19.306811,2605,71.053824,71.053824,1.000000,1.000000,0,0.863454,0.892116,0.877551
73,sensor_noise,a_star,1,1,0,SLOW,SLOW,1,1.230014,143,71.053824,71.053824,1.000000,1.000000,0,0.863454,0.892116,0.877551
73,sensor_noise,weighted_a_star,1,1,0,SLOW,SLOW,1,0.639041,57,71.053824,71.053824,1.000000,1.000000,0,0.863454,0.892116,0.877551
74,sensor_noise,dijkstra_navfn_style,1,1,0,SLOW,SLOW,1,12.975119,2598,72.811183,72.225397,1.008111,1.000000,0,0.822050,0.929978,0.872690
74,sensor_noise,a_star,0,1,0,SLOW,STOP,0,2.399143,323,72.811183,72.225397,1.008111,1.000000,1,0.822050,0.929978,0.872690
74,sensor_noise,weighted_a_star,1,1,0,SLOW,SLOW,1,0.560073,74,73.396970,72.225397,1.016221,1.000000,0,0.822050,0.929978,0.872690
75,sensor_noise,dijkstra_navfn_style,0,1,0,SLOW,STOP,0,27.479377,2678,71.053824,71.639610,0.991823,1.000000,3,0.810427,0.902375,0.853933
75,sensor_noise,a_star,0,1,0,SLOW,STOP,0,1.359664,138,71.053824,71.639610,0.991823,1.000000,3,0.810427,0.902375,0.853933
75,sensor_noise,weighted_a_star,0,1,0,SLOW,STOP,0,0.620141,55,71.639610,71.639610,1.000000,1.000000,3,0.810427,0.902375,0.853933
76,sensor_noise,dijkstra_navfn_style,0,1,0,SLOW,STOP,0,18.602120,2676,70.468037,70.468037,1.000000,1.000000,1,0.820755,0.892308,0.855037
76,sensor_noise,a_star,0,1,0,SLOW,STOP,0,1.114570,119,70.468037,70.468037,1.000000,1.000000,1,0.820755,0.892308,0.855037
76,sensor_noise,weighted_a_star,1,1,0,SLOW,SLOW,1,0.573455,55,71.053824,70.468037,1.008313,1.000000,0,0.820755,0.892308,0.855037
77,sensor_noise,dijkstra_navfn_style,1,1,0,SLOW,SLOW,1,18.325896,2628,71.053824,70.468037,1.008313,1.000000,0,0.800416,0.889145,0.842451
77,sensor_noise,a_star,0,1,0,SLOW,STOP,0,1.581179,177,71.053824,70.468037,1.008313,1.000000,1,0.800416,0.889145,0.842451
77,sensor_noise,weighted_a_star,0,1,0,SLOW,STOP,0,0.597447,54,71.639610,70.468037,1.016626,1.000000,1,0.800416,0.889145,0.842451
78,sensor_noise,dijkstra_navfn_style,0,1,0,SLOW,STOP,0,18.858530,2677,69.882251,70.468037,0.991687,1,1,0.803279,0.895561,0.846914
78,sensor_noise,a_star,0,1,0,SLOW,STOP,0,1.103704,119,69.882251,70.468037,0.991687,1,1,0.803279,0.895561,0.846914
78,sensor_noise,weighted_a_star,0,1,0,SLOW,STOP,0,0.559181,54,70.468037,70.468037,1.000000,1.000000,1,0.803279,0.895561,0.846914
79,sensor_noise,dijkstra_navfn_style,0,1,0,SLOW,STOP,0,13.713115,2590,70.468037,71.053824,0.991756,1.000000,1,0.842829,0.901261,0.871066
79,sensor_noise,a_star,0,1,0,SLOW,STOP,0,0.764742,108,70.468037,71.053824,0.991756,1.000000,1,0.842829,0.901261,0.871066
79,sensor_noise,weighted_a_star,0,1,0,SLOW,STOP,0,0.462450,55,70.468037,71.053824,0.991756,1.000000,1,0.842829,0.901261,0.871066
80,sensor_noise,dijkstra_navfn_style,1,1,0,SLOW,SLOW,1,19.320299,2703,70.468037,70.468037,1.000000,1.000000,0,0.791563,0.924638,0.852941
80,sensor_noise,a_star,1,1,0,SLOW,SLOW,1,1.152155,106,70.468037,70.468037,1.000000,1.000000,0,0.791563,0.924638,0.852941
80,sensor_noise,weighted_a_star,1,1,0,SLOW,SLOW,1,0.617059,53,70.468037,70.468037,1.000000,1.000000,0,0.791563,0.924638,0.852941
81,sensor_noise,dijkstra_navfn_style,1,1,0,SLOW,SLOW,1,14.239461,2624,73.396970,72.811183,1.008045,1.000000,0,0.842975,0.904656,0.872727
81,sensor_noise,a_star,1,1,0,SLOW,SLOW,1,2.274517,364,73.396970,72.811183,1.008045,1.000000,0,0.842975,0.904656,0.872727
81,sensor_noise,weighted_a_star,1,1,0,SLOW,SLOW,1,0.518896,76,75.154329,72.811183,1.032181,1.000000,0,0.842975,0.904656,0.872727
82,sensor_noise,dijkstra_navfn_style,1,1,0,SLOW,SLOW,1,18.018066,2574,71.053824,70.468037,1.008313,1.200000,0,0.837121,0.880478,0.858252
82,sensor_noise,a_star,1,1,0,SLOW,SLOW,1,1.748852,196,71.053824,70.468037,1.008313,1.000000,0,0.837121,0.880478,0.858252
82,sensor_noise,weighted_a_star,1,1,0,SLOW,SLOW,1,0.562786,53,71.053824,70.468037,1.008313,1.000000,0,0.837121,0.880478,0.858252
83,sensor_noise,dijkstra_navfn_style,1,1,0,SLOW,SLOW,1,18.358846,2626,70.468037,70.468037,1.000000,1.000000,0,0.784519,0.897129,0.837054
83,sensor_noise,a_star,0,1,0,SLOW,STOP,0,1.117494,124,70.468037,70.468037,1.000000,1.000000,1,0.784519,0.897129,0.837054
83,sensor_noise,weighted_a_star,0,1,0,SLOW,STOP,0,0.578616,53,70.468037,70.468037,1.000000,1.000000,1,0.784519,0.897129,0.837054
84,sensor_noise,dijkstra_navfn_style,1,1,0,SLOW,SLOW,1,19.728299,2714,71.053824,71.053824,1.000000,1.000000,0,0.793451,0.902579,0.844504
84,sensor_noise,a_star,1,1,0,SLOW,SLOW,1,1.918734,207,71.053824,71.053824,1.000000,1.000000,0,0.793451,0.902579,0.844504
84,sensor_noise,weighted_a_star,1,1,0,SLOW,SLOW,1,0.610158,55,72.225397,71.053824,1.016489,1.000000,0,0.793451,0.902579,0.844504
85,sensor_noise,dijkstra_navfn_style,1,1,0,SLOW,SLOW,1,18.839175,2680,70.468037,69.882251,1.008382,1.000000,0,0.791080,0.891534,0.838308
85,sensor_noise,a_star,1,1,0,SLOW,SLOW,1,1.452577,151,70.468037,69.882251,1.008382,1.000000,0,0.791080,0.891534,0.838308
85,sensor_noise,weighted_a_star,1,1,0,SLOW,SLOW,1,0.592069,54,71.053824,69.882251,1.016765,1.000000,0,0.791080,0.891534,0.838308
86,sensor_noise,dijkstra_navfn_style,0,1,0,SLOW,STOP,0,13.240953,2615,71.639610,71.053824,1.008244,1.000000,1,0.817814,0.882096,0.848739
86,sensor_noise,a_star,1,1,0,SLOW,SLOW,1,1.355987,187,71.639610,71.053824,1.008244,1.000000,0,0.817814,0.882096,0.848739
86,sensor_noise,weighted_a_star,1,1,0,SLOW,SLOW,1,0.466286,56,72.225397,71.053824,1.016489,1.000000,0,0.817814,0.882096,0.848739
87,sensor_noise,dijkstra_navfn_style,0,1,0,SLOW,STOP,0,18.133432,2643,69.882251,69.882251,1.000000,1,1,0.841649,0.930456,0.883827
87,sensor_noise,a_star,0,1,0,SLOW,STOP,0,0.644677,62,69.882251,69.882251,1.000000,1,1,0.841649,0.930456,0.883827
87,sensor_noise,weighted_a_star,1,1,0,SLOW,SLOW,1,0.607434,51,69.882251,69.882251,1.000000,1,0,0.841649,0.930456,0.883827
88,sensor_noise,dijkstra_navfn_style,1,1,0,SLOW,SLOW,1,13.381252,2669,71.053824,71.053824,1.000000,2.000000,0,0.797297,0.891688,0.841855
88,sensor_noise,a_star,1,1,0,SLOW,SLOW,1,1.269313,196,71.053824,71.053824,1.000000,1.000000,0,0.797297,0.891688,0.841855
88,sensor_noise,weighted_a_star,1,1,0,SLOW,SLOW,1,0.441958,55,71.053824,71.053824,1.000000,1.000000,0,0.797297,0.891688,0.841855
89,sensor_noise,dijkstra_navfn_style,1,1,0,SLOW,SLOW,1,19.020441,2696,69.882251,69.296465,1.008453,1,0,0.775862,0.865385,0.818182
89,sensor_noise,a_star,1,1,0,SLOW,SLOW,1,1.109918,92,69.882251,69.296465,1.008453,1,0,0.775862,0.865385,0.818182
89,sensor_noise,weighted_a_star,1,1,0,SLOW,SLOW,1,0.578023,51,69.882251,69.296465,1.008453,1,0,0.775862,0.865385,0.818182
90,sensor_noise,dijkstra_navfn_style,1,1,0,SLOW,SLOW,1,20.356211,2669,71.639610,71.053824,1.008244,1.000000,0,0.828767,0.887531,0.857143
90,sensor_noise,a_star,1,1,0,SLOW,SLOW,1,1.322193,144,71.639610,71.053824,1.008244,1.000000,0,0.828767,0.887531,0.857143
90,sensor_noise,weighted_a_star,1,1,0,SLOW,SLOW,1,0.580067,55,71.639610,71.053824,1.008244,1.000000,0,0.828767,0.887531,0.857143
91,range_limited,dijkstra_navfn_style,1,1,0,SLOW,SLOW,1,18.503003,2669,71.639610,71.053824,1.008244,1.000000,0,0.903153,0.893096,0.898096
91,range_limited,a_star,1,1,0,SLOW,SLOW,1,1.758665,205,71.639610,71.053824,1.008244,1.000000,0,0.903153,0.893096,0.898096
91,range_limited,weighted_a_star,1,1,0,SLOW,SLOW,1,0.585580,57,71.639610,71.053824,1.008244,1.000000,0,0.903153,0.893096,0.898096
92,range_limited,dijkstra_navfn_style,1,1,0,SLOW,SLOW,1,18.748341,2608,71.053824,71.053824,1.000000,1.000000,0,0.904858,0.901210,0.903030
92,range_limited,a_star,1,1,0,SLOW,SLOW,1,1.017112,111,71.053824,71.053824,1.000000,1.000000,0,0.904858,0.901210,0.903030
92,range_limited,weighted_a_star,1,1,0,SLOW,SLOW,1,0.555554,53,71.053824,71.053824,1.000000,1.000000,0,0.904858,0.901210,0.903030
93,range_limited,dijkstra_navfn_style,1,1,0,SLOW,SLOW,1,18.697004,2676,73.053824,73.053824,1.000000,1.000000,0,0.897674,0.895592,0.896632
93,range_limited,a_star,0,1,0,SLOW,STOP,0,2.811355,323,73.053824,73.053824,1.000000,1.000000,1,0.897674,0.895592,0.896632
93,range_limited,weighted_a_star,0,1,0,SLOW,STOP,0,0.677055,71,73.053824,73.053824,1.000000,1.000000,1,0.897674,0.895592,0.896632
94,range_limited,dijkstra_navfn_style,1,1,0,SLOW,SLOW,1,18.837030,2681,69.296465,69.296465,1.000000,2.000000,0,0.923077,0.880734,0.901408
94,range_limited,a_star,1,1,0,SLOW,SLOW,1,0.547826,50,69.296465,69.296465,1.000000,2.000000,0,0.923077,0.880734,0.901408
94,range_limited,weighted_a_star,1,1,0,SLOW,SLOW,1,0.552923,50,69.296465,69.296465,1.000000,2.000000,0,0.923077,0.880734,0.901408
95,range_limited,dijkstra_navfn_style,1,1,0,SLOW,SLOW,1,21.874027,2688,71.639610,71.639610,1.000000,1.000000,0,0.894860,0.899061,0.896956
95,range_limited,a_star,0,1,0,SLOW,STOP,0,2.029016,231,71.639610,71.639610,1.000000,1.000000,1,0.894860,0.899061,0.896956
95,range_limited,weighted_a_star,0,1,0,SLOW,STOP,0,0.541823,54,71.639610,71.639610,1.000000,1.000000,1,0.894860,0.899061,0.896956
96,range_limited,dijkstra_navfn_style,1,1,0,SLOW,SLOW,1,19.556668,2700,72.811183,72.811183,1.000000,1.000000,0,0.921053,0.897436,0.909091
96,range_limited,a_star,0,1,0,SLOW,STOP,0,3.488273,392,72.811183,72.811183,1.000000,1.000000,1,0.921053,0.897436,0.909091
96,range_limited,weighted_a_star,0,1,0,SLOW,STOP,0,0.800422,85,72.811183,72.811183,1.000000,1.000000,1,0.921053,0.897436,0.909091
97,range_limited,dijkstra_navfn_style,0,1,0,SLOW,STOP,0,13.539575,2628,69.882251,70.468037,0.991687,1,1,0.915433,0.896480,0.905858
97,range_limited,a_star,0,1,0,SLOW,STOP,0,0.759428,110,69.882251,70.468037,0.991687,1,1,0.915433,0.896480,0.905858
97,range_limited,weighted_a_star,1,1,0,SLOW,SLOW,1,0.459534,52,70.468037,70.468037,1.000000,1.000000,0,0.915433,0.896480,0.905858
98,range_limited,dijkstra_navfn_style,1,1,0,SLOW,SLOW,1,18.948114,2682,69.296465,69.296465,1.000000,1.000000,0,0.898551,0.900726,0.899637
98,range_limited,a_star,1,1,0,SLOW,SLOW,1,0.564033,50,69.296465,69.296465,1.000000,1.000000,0,0.898551,0.900726,0.899637
98,range_limited,weighted_a_star,1,1,0,SLOW,SLOW,1,0.541307,50,69.296465,69.296465,1.000000,1.000000,0,0.898551,0.900726,0.899637
99,range_limited,dijkstra_navfn_style,0,1,0,SLOW,STOP,0,20.067430,2661,69.882251,69.882251,1.000000,1,1,0.923251,0.881466,0.901874
99,range_limited,a_star,0,1,0,SLOW,STOP,0,1.143795,119,69.882251,69.882251,1.000000,1,1,0.923251,0.881466,0.901874
99,range_limited,weighted_a_star,0,1,0,SLOW,STOP,0,0.543706,51,69.882251,69.882251,1.000000,1,1,0.923251,0.881466,0.901874
100,range_limited,dijkstra_navfn_style,1,1,0,SLOW,SLOW,1,18.348529,2706,69.882251,69.882251,1.000000,1,0,0.912281,0.862559,0.886724
100,range_limited,a_star,1,1,0,SLOW,SLOW,1,0.659620,67,69.882251,69.882251,1.000000,1,0,0.912281,0.862559,0.886724
100,range_limited,weighted_a_star,1,1,0,SLOW,SLOW,1,0.651640,52,69.882251,69.882251,1.000000,1,0,0.912281,0.862559,0.886724
101,range_limited,dijkstra_navfn_style,0,1,0,SLOW,STOP,0,19.563462,2678,69.882251,70.468037,0.991687,1,1,0.899061,0.866516,0.882488
101,range_limited,a_star,0,1,0,SLOW,STOP,0,1.115038,118,69.882251,70.468037,0.991687,1,1,0.899061,0.866516,0.882488
101,range_limited,weighted_a_star,0,1,0,SLOW,STOP,0,0.599232,51,69.882251,70.468037,0.991687,1,1,0.899061,0.866516,0.882488
102,range_limited,dijkstra_navfn_style,1,1,0,SLOW,SLOW,1,19.420020,2721,70.468037,70.468037,1.000000,1.000000,0,0.880208,0.887139,0.883660
102,range_limited,a_star,0,1,0,SLOW,STOP,0,1.563509,142,70.468037,70.468037,1.000000,1.000000,1,0.880208,0.887139,0.883660
102,range_limited,weighted_a_star,0,1,0,SLOW,STOP,0,0.604071,52,70.468037,70.468037,1.000000,1.000000,1,0.880208,0.887139,0.883660
103,range_limited,dijkstra_navfn_style,1,1,0,SLOW,SLOW,1,18.947618,2692,70.468037,70.468037,1.000000,1.000000,0,0.900966,0.890215,0.895558
103,range_limited,a_star,1,1,0,SLOW,SLOW,1,1.173310,122,70.468037,70.468037,1.000000,1.000000,0,0.900966,0.890215,0.895558
103,range_limited,weighted_a_star,0,1,0,SLOW,STOP,0,0.563338,52,70.468037,70.468037,1.000000,1.000000,1,0.900966,0.890215,0.895558
104,range_limited,dijkstra_navfn_style,1,1,0,SLOW,SLOW,1,18.377267,2669,70.468037,69.882251,1.008382,1.000000,0,0.903890,0.910138,0.907003
104,range_limited,a_star,1,1,0,SLOW,SLOW,1,1.144673,126,70.468037,69.882251,1.008382,1.000000,0,0.903890,0.910138,0.907003
104,range_limited,weighted_a_star,1,1,0,SLOW,SLOW,1,0.612794,54,70.468037,69.882251,1.008382,1.000000,0,0.903890,0.910138,0.907003
105,range_limited,dijkstra_navfn_style,0,1,0,SLOW,STOP,0,18.396015,2669,71.639610,72.225397,0.991889,1.000000,2,0.906818,0.888641,0.897638
105,range_limited,a_star,0,1,0,SLOW,STOP,0,2.302885,248,71.639610,72.225397,0.991889,1.000000,1,0.906818,0.888641,0.897638
105,range_limited,weighted_a_star,0,1,0,SLOW,STOP,0,0.635941,60,71.639610,72.225397,0.991889,1.000000,1,0.906818,0.888641,0.897638
106,range_limited,dijkstra_navfn_style,1,1,0,SLOW,SLOW,1,19.326673,2645,70.468037,70.468037,1.000000,1.000000,0,0.932314,0.893305,0.912393
106,range_limited,a_star,1,1,0,SLOW,SLOW,1,1.114849,116,70.468037,70.468037,1.000000,1.000000,0,0.932314,0.893305,0.912393
106,range_limited,weighted_a_star,0,1,0,SLOW,STOP,0,0.560489,52,70.468037,70.468037,1.000000,1.000000,1,0.932314,0.893305,0.912393
107,range_limited,dijkstra_navfn_style,0,1,0,SLOW,STOP,0,20.487355,2676,71.639610,71.639610,1.000000,1.000000,1,0.923077,0.872247,0.896942
107,range_limited,a_star,0,1,0,SLOW,STOP,0,3.662034,203,71.639610,71.639610,1.000000,1.000000,1,0.923077,0.872247,0.896942
107,range_limited,weighted_a_star,1,1,0,SLOW,SLOW,1,0.900915,55,71.639610,71.639610,1.000000,1.000000,0,0.923077,0.872247,0.896942
108,range_limited,dijkstra_navfn_style,0,1,0,SLOW,STOP,0,18.964099,2630,70.468037,70.468037,1.000000,1.000000,2,0.913136,0.890496,0.901674
108,range_limited,a_star,0,1,0,SLOW,STOP,0,0.809228,88,70.468037,70.468037,1.000000,1.000000,2,0.913136,0.890496,0.901674
108,range_limited,weighted_a_star,0,1,0,SLOW,STOP,0,0.546684,52,70.468037,70.468037,1.000000,1.000000,2,0.913136,0.890496,0.901674
109,range_limited,dijkstra_navfn_style,1,1,0,SLOW,SLOW,1,20.036307,2621,69.882251,69.882251,1.000000,1,0,0.924843,0.865234,0.894046
109,range_limited,a_star,1,1,0,SLOW,SLOW,1,0.892084,94,69.882251,69.882251,1.000000,1,0,0.924843,0.865234,0.894046
109,range_limited,weighted_a_star,1,1,0,SLOW,SLOW,1,0.573431,52,70.468037,69.882251,1.008382,1.000000,0,0.924843,0.865234,0.894046
110,range_limited,dijkstra_navfn_style,1,1,0,SLOW,SLOW,1,19.262225,2624,69.882251,69.296465,1.008453,1,0,0.913136,0.888660,0.900731
110,range_limited,a_star,1,1,0,SLOW,SLOW,1,0.897048,90,69.882251,69.296465,1.008453,1,0,0.913136,0.888660,0.900731
110,range_limited,weighted_a_star,1,1,0,SLOW,SLOW,1,0.605061,51,69.882251,69.296465,1.008453,1,0,0.913136,0.888660,0.900731
111,range_limited,dijkstra_navfn_style,1,1,0,SLOW,SLOW,1,18.680523,2652,70.468037,70.468037,1.000000,1.000000,0,0.919037,0.884211,0.901288
111,range_limited,a_star,1,1,0,SLOW,SLOW,1,1.234653,138,70.468037,70.468037,1.000000,1.000000,0,0.919037,0.884211,0.901288
111,range_limited,weighted_a_star,1,1,0,SLOW,SLOW,1,0.570324,53,71.053824,70.468037,1.008313,1.000000,0,0.919037,0.884211,0.901288
112,range_limited,dijkstra_navfn_style,0,1,0,SLOW,STOP,0,14.266266,2761,71.053824,71.053824,1.000000,1.000000,2,0.875354,0.875354,0.875354
112,range_limited,a_star,0,1,0,SLOW,STOP,0,0.997169,143,71.053824,71.053824,1.000000,1.000000,1,0.875354,0.875354,0.875354
112,range_limited,weighted_a_star,0,1,0,SLOW,STOP,0,0.405570,53,71.053824,71.053824,1.000000,1.000000,1,0.875354,0.875354,0.875354
113,range_limited,dijkstra_navfn_style,1,1,0,SLOW,SLOW,1,17.994806,2607,70.468037,70.468037,1.000000,1.000000,0,0.899396,0.892216,0.895792
113,range_limited,a_star,1,1,0,SLOW,SLOW,1,1.440093,115,70.468037,70.468037,1.000000,1.000000,0,0.899396,0.892216,0.895792
113,range_limited,weighted_a_star,1,1,0,SLOW,SLOW,1,0.630382,52,70.468037,70.468037,1.000000,1.000000,0,0.899396,0.892216,0.895792
114,range_limited,dijkstra_navfn_style,1,1,0,SLOW,SLOW,1,19.122431,2668,70.468037,70.468037,1.000000,1.000000,0,0.910345,0.889888,0.900000
114,range_limited,a_star,0,1,0,SLOW,STOP,0,0.870361,93,70.468037,70.468037,1.000000,1.000000,1,0.910345,0.889888,0.900000
114,range_limited,weighted_a_star,0,1,0,SLOW,STOP,0,0.532733,52,70.468037,70.468037,1.000000,1.000000,1,0.910345,0.889888,0.900000
115,range_limited,dijkstra_navfn_style,1,1,0,SLOW,SLOW,1,19.173750,2719,71.639610,71.639610,1.000000,1.000000,0,0.907692,0.880597,0.893939
115,range_limited,a_star,0,1,0,SLOW,STOP,0,1.923803,201,71.639610,71.639610,1.000000,1.000000,1,0.907692,0.880597,0.893939
115,range_limited,weighted_a_star,0,1,0,SLOW,STOP,0,0.622252,57,71.639610,71.639610,1.000000,1.000000,2,0.907692,0.880597,0.893939
116,range_limited,dijkstra_navfn_style,1,1,0,SLOW,SLOW,1,18.452850,2655,69.882251,69.882251,1.000000,1,0,0.928090,0.903720,0.915743
116,range_limited,a_star,1,1,0,SLOW,SLOW,1,0.656938,66,69.882251,69.882251,1.000000,1,0,0.928090,0.903720,0.915743
116,range_limited,weighted_a_star,1,1,0,SLOW,SLOW,1,0.538734,51,69.882251,69.882251,1.000000,1,0,0.928090,0.903720,0.915743
117,range_limited,dijkstra_navfn_style,1,1,0,SLOW,SLOW,1,19.271005,2664,70.468037,70.468037,1.000000,1.000000,0,0.925000,0.880952,0.902439
117,range_limited,a_star,1,1,0,SLOW,SLOW,1,1.525105,141,70.468037,70.468037,1.000000,1.000000,0,0.925000,0.880952,0.902439
117,range_limited,weighted_a_star,1,1,0,SLOW,SLOW,1,0.620052,57,71.639610,70.468037,1.016626,1.000000,0,0.925000,0.880952,0.902439
118,range_limited,dijkstra_navfn_style,0,1,0,SLOW,STOP,0,19.381776,2748,70.468037,70.468037,1.000000,1.000000,1,0.891667,0.901685,0.896648
118,range_limited,a_star,0,1,0,SLOW,STOP,0,2.109842,98,70.468037,70.468037,1.000000,1.000000,1,0.891667,0.901685,0.896648
118,range_limited,weighted_a_star,0,1,0,SLOW,STOP,0,1.386061,52,70.468037,70.468037,1.000000,1.000000,1,0.891667,0.901685,0.896648
119,range_limited,dijkstra_navfn_style,1,1,0,SLOW,SLOW,1,18.999649,2693,71.053824,71.053824,1.000000,1.000000,0,0.919708,0.881119,0.900000
119,range_limited,a_star,1,1,0,SLOW,SLOW,1,1.354531,149,71.053824,71.053824,1.000000,1.000000,0,0.919708,0.881119,0.900000
119,range_limited,weighted_a_star,0,1,0,SLOW,STOP,0,0.553800,55,72.468037,71.053824,1.019903,1.000000,1,0.919708,0.881119,0.900000
120,range_limited,dijkstra_navfn_style,1,1,0,SLOW,SLOW,1,18.298746,2670,69.882251,69.882251,1.000000,1,0,0.914352,0.877778,0.895692
120,range_limited,a_star,1,1,0,SLOW,SLOW,1,0.689149,98,69.882251,69.882251,1.000000,2,0,0.914352,0.877778,0.895692
120,range_limited,weighted_a_star,1,1,0,SLOW,SLOW,1,0.408815,51,69.882251,69.882251,1.000000,2,0,0.914352,0.877778,0.895692
121,localisation_drift,dijkstra_navfn_style,0,1,1,RECOVERY,STOP,0,17.424310,2586,72.225397,72.225397,1.000000,1.000000,2,0.868571,0.904762,0.886297
121,localisation_drift,a_star,0,1,1,RECOVERY,STOP,0,3.362711,277,72.225397,72.225397,1.000000,1.000000,2,0.868571,0.904762,0.886297
121,localisation_drift,weighted_a_star,0,1,1,RECOVERY,STOP,0,0.683622,63,73.396970,72.225397,1.016221,1.000000,3,0.868571,0.904762,0.886297
122,localisation_drift,dijkstra_navfn_style,1,1,0,RECOVERY,RECOVERY,1,21.572389,2659,69.882251,69.882251,1.000000,1,0,0.880090,0.913146,0.896313
122,localisation_drift,a_star,1,1,0,RECOVERY,RECOVERY,1,0.715351,70,69.882251,69.882251,1.000000,1,0,0.880090,0.913146,0.896313
122,localisation_drift,weighted_a_star,1,1,0,RECOVERY,RECOVERY,1,0.539140,51,69.882251,69.882251,1.000000,1,0,0.880090,0.913146,0.896313
123,localisation_drift,dijkstra_navfn_style,0,1,1,RECOVERY,STOP,0,19.378294,2642,72.225397,72.811183,0.991955,1.000000,2,0.867965,0.903153,0.885210
123,localisation_drift,a_star,0,1,1,RECOVERY,STOP,0,1.596364,179,72.225397,72.811183,0.991955,1.000000,4,0.867965,0.903153,0.885210
123,localisation_drift,weighted_a_star,0,1,1,RECOVERY,STOP,0,0.601200,58,72.225397,72.811183,0.991955,1.000000,4,0.867965,0.903153,0.885210
124,localisation_drift,dijkstra_navfn_style,1,1,0,RECOVERY,RECOVERY,1,12.950594,2675,69.882251,69.882251,1.000000,2,0,0.864802,0.889688,0.877069
124,localisation_drift,a_star,1,1,0,RECOVERY,RECOVERY,1,0.462163,58,69.882251,69.882251,1.000000,2,0,0.864802,0.889688,0.877069
124,localisation_drift,weighted_a_star,1,1,0,RECOVERY,RECOVERY,1,0.405763,51,69.882251,69.882251,1.000000,2,0,0.864802,0.889688,0.877069
125,localisation_drift,dijkstra_navfn_style,0,1,1,RECOVERY,STOP,0,22.538735,2661,72.811183,72.225397,1.008111,1.000000,2,0.858093,0.904206,0.880546
125,localisation_drift,a_star,0,1,1,RECOVERY,STOP,0,2.544094,301,72.811183,72.225397,1.008111,1.000000,3,0.858093,0.904206,0.880546
125,localisation_drift,weighted_a_star,0,1,1,RECOVERY,STOP,0,0.774834,83,72.811183,72.225397,1.008111,1.000000,3,0.858093,0.904206,0.880546
126,localisation_drift,dijkstra_navfn_style,0,1,0,RECOVERY,STOP,0,21.173242,2670,72.225397,72.225397,1.000000,1.000000,1,0.872483,0.900693,0.886364
126,localisation_drift,a_star,0,1,0,RECOVERY,STOP,0,4.028800,336,72.225397,72.225397,1.000000,1.000000,1,0.872483,0.900693,0.886364
126,localisation_drift,weighted_a_star,1,1,0,RECOVERY,RECOVERY,1,0.911349,68,73.396970,72.225397,1.016221,1.000000,0,0.872483,0.900693,0.886364
127,localisation_drift,dijkstra_navfn_style,1,1,0,RECOVERY,RECOVERY,1,18.377649,2619,71.639610,69.882251,1.025147,1.000000,0,0.887755,0.898760,0.893224
127,localisation_drift,a_star,0,1,0,RECOVERY,STOP,0,2.286405,244,71.639610,69.882251,1.025147,1.000000,1,0.887755,0.898760,0.893224
127,localisation_drift,weighted_a_star,0,1,0,RECOVERY,STOP,0,0.556957,55,71.639610,69.882251,1.025147,1.000000,1,0.887755,0.898760,0.893224
128,localisation_drift,dijkstra_navfn_style,0,1,0,RECOVERY,STOP,0,19.080602,2654,70.468037,70.468037,1.000000,1.000000,2,0.866962,0.857456,0.862183
128,localisation_drift,a_star,0,1,0,RECOVERY,STOP,0,1.049662,111,70.468037,70.468037,1.000000,1.000000,1,0.866962,0.857456,0.862183
128,localisation_drift,weighted_a_star,0,1,0,RECOVERY,STOP,0,0.532144,52,70.468037,70.468037,1.000000,1.000000,1,0.866962,0.857456,0.862183
129,localisation_drift,dijkstra_navfn_style,1,1,0,RECOVERY,RECOVERY,1,18.940868,2705,70.468037,70.468037,1.000000,1.000000,0,0.798030,0.902507,0.847059
129,localisation_drift,a_star,1,1,0,RECOVERY,RECOVERY,1,1.163894,115,70.468037,70.468037,1.000000,1.000000,0,0.798030,0.902507,0.847059
129,localisation_drift,weighted_a_star,1,1,0,RECOVERY,RECOVERY,1,0.605209,53,70.468037,70.468037,1.000000,1.000000,0,0.798030,0.902507,0.847059
130,localisation_drift,dijkstra_navfn_style,1,1,0,RECOVERY,RECOVERY,1,18.908273,2499,69.882251,69.882251,1.000000,2,0,0.890756,0.902896,0.896785
130,localisation_drift,a_star,1,1,0,RECOVERY,RECOVERY,1,1.326524,136,69.882251,69.882251,1.000000,2,0,0.890756,0.902896,0.896785
130,localisation_drift,weighted_a_star,1,1,0,RECOVERY,RECOVERY,1,0.551547,52,70.468037,69.882251,1.008382,2.000000,0,0.890756,0.902896,0.896785
131,localisation_drift,dijkstra_navfn_style,1,1,0,RECOVERY,RECOVERY,1,18.439709,2675,71.053824,71.053824,1.000000,1.000000,0,0.854839,0.900485,0.877069
131,localisation_drift,a_star,1,1,0,RECOVERY,RECOVERY,1,2.433398,209,71.053824,71.053824,1.000000,1.000000,0,0.854839,0.900485,0.877069
131,localisation_drift,weighted_a_star,1,1,0,RECOVERY,RECOVERY,1,0.663466,57,71.639610,71.053824,1.008244,1.000000,0,0.854839,0.900485,0.877069
132,localisation_drift,dijkstra_navfn_style,1,1,0,RECOVERY,RECOVERY,1,18.363368,2610,72.225397,72.225397,1.000000,1.000000,0,0.886228,0.934737,0.909836
132,localisation_drift,a_star,1,1,0,RECOVERY,RECOVERY,1,2.112683,238,72.225397,72.225397,1.000000,1.000000,0,0.886228,0.934737,0.909836
132,localisation_drift,weighted_a_star,1,1,0,RECOVERY,RECOVERY,1,0.580883,60,72.225397,72.225397,1.000000,1.000000,0,0.886228,0.934737,0.909836
133,localisation_drift,dijkstra_navfn_style,1,1,0,RECOVERY,RECOVERY,1,18.491213,2578,71.053824,71.053824,1.000000,1.000000,0,0.888889,0.907692,0.898192
133,localisation_drift,a_star,1,1,0,RECOVERY,RECOVERY,1,1.159178,129,71.053824,71.053824,1.000000,1.000000,0,0.888889,0.907692,0.898192
133,localisation_drift,weighted_a_star,1,1,0,RECOVERY,RECOVERY,1,0.571727,57,71.639610,71.053824,1.008244,1.000000,0,0.888889,0.907692,0.898192
134,localisation_drift,dijkstra_navfn_style,0,1,0,RECOVERY,STOP,0,18.050163,2620,70.468037,70.468037,1.000000,1.000000,1,0.890041,0.908898,0.899371
134,localisation_drift,a_star,1,1,0,RECOVERY,RECOVERY,1,0.934472,101,70.468037,70.468037,1.000000,1.000000,0,0.890041,0.908898,0.899371
134,localisation_drift,weighted_a_star,1,1,0,RECOVERY,RECOVERY,1,0.547340,53,70.468037,70.468037,1.000000,1.000000,0,0.890041,0.908898,0.899371
135,localisation_drift,dijkstra_navfn_style,1,1,0,RECOVERY,RECOVERY,1,18.046717,2575,69.882251,69.882251,1.000000,1,0,0.891429,0.906977,0.899135
135,localisation_drift,a_star,1,1,0,RECOVERY,RECOVERY,1,0.904615,100,69.882251,69.882251,1.000000,1,0,0.891429,0.906977,0.899135
135,localisation_drift,weighted_a_star,1,1,0,RECOVERY,RECOVERY,1,0.571207,51,69.882251,69.882251,1.000000,1,0,0.891429,0.906977,0.899135
136,localisation_drift,dijkstra_navfn_style,0,1,0,RECOVERY,STOP,0,19.288027,2634,71.053824,71.053824,1.000000,1.000000,1,0.850211,0.868534,0.859275
136,localisation_drift,a_star,1,1,0,RECOVERY,RECOVERY,1,1.783976,196,71.053824,71.053824,1.000000,1.000000,0,0.850211,0.868534,0.859275
136,localisation_drift,weighted_a_star,1,1,0,RECOVERY,RECOVERY,1,0.725420,72,72.468037,71.053824,1.019903,1.000000,0,0.850211,0.868534,0.859275
137,localisation_drift,dijkstra_navfn_style,0,1,0,RECOVERY,STOP,0,18.033727,2635,70.468037,70.468037,1.000000,1.000000,1,0.871795,0.912752,0.891803
137,localisation_drift,a_star,1,1,0,RECOVERY,RECOVERY,1,1.087163,118,70.468037,70.468037,1.000000,1.000000,0,0.871795,0.912752,0.891803
137,localisation_drift,weighted_a_star,1,1,0,RECOVERY,RECOVERY,1,0.570482,52,70.468037,70.468037,1.000000,1.000000,0,0.871795,0.912752,0.891803
138,localisation_drift,dijkstra_navfn_style,0,1,0,RECOVERY,STOP,0,13.123057,2625,71.639610,71.639610,1.000000,1.000000,1,0.842213,0.901316,0.870763
138,localisation_drift,a_star,1,1,0,RECOVERY,RECOVERY,1,1.344714,208,71.639610,71.639610,1.000000,1.000000,0,0.842213,0.901316,0.870763
138,localisation_drift,weighted_a_star,1,1,0,RECOVERY,RECOVERY,1,0.423082,54,71.639610,71.639610,1.000000,1.000000,0,0.842213,0.901316,0.870763
139,localisation_drift,dijkstra_navfn_style,0,1,0,RECOVERY,STOP,0,18.472401,2634,70.468037,69.882251,1.008382,1.000000,1,0.868365,0.908889,0.888165
139,localisation_drift,a_star,0,1,0,RECOVERY,STOP,0,1.007255,99,70.468037,69.882251,1.008382,1.000000,1,0.868365,0.908889,0.888165
139,localisation_drift,weighted_a_star,1,1,0,RECOVERY,RECOVERY,1,0.617201,53,71.053824,69.882251,1.016765,1.000000,0,0.868365,0.908889,0.888165
140,localisation_drift,dijkstra_navfn_style,0,1,0,RECOVERY,STOP,0,13.392920,2631,71.639610,71.053824,1.008244,1.000000,1,0.837113,0.898230,0.866596
140,localisation_drift,a_star,1,1,0,RECOVERY,RECOVERY,1,2.612131,249,71.639610,71.053824,1.008244,1.000000,0,0.837113,0.898230,0.866596
140,localisation_drift,weighted_a_star,1,1,0,RECOVERY,RECOVERY,1,0.588914,54,71.639610,71.053824,1.008244,1.000000,0,0.837113,0.898230,0.866596
141,localisation_drift,dijkstra_navfn_style,1,1,0,RECOVERY,RECOVERY,1,20.315958,2689,69.882251,69.882251,1.000000,1,0,0.828851,0.896825,0.861499
141,localisation_drift,a_star,1,1,0,RECOVERY,RECOVERY,1,0.816209,85,69.882251,69.882251,1.000000,1,0,0.828851,0.896825,0.861499
141,localisation_drift,weighted_a_star,1,1,0,RECOVERY,RECOVERY,1,0.537762,51,69.882251,69.882251,1.000000,1,0,0.828851,0.896825,0.861499
142,localisation_drift,dijkstra_navfn_style,0,1,0,RECOVERY,STOP,0,19.098564,2663,72.225397,72.225397,1.000000,1.000000,1,0.860000,0.871622,0.865772
142,localisation_drift,a_star,0,1,0,RECOVERY,STOP,0,2.875654,337,72.225397,72.225397,1.000000,1.000000,1,0.860000,0.871622,0.865772
142,localisation_drift,weighted_a_star,1,1,0,RECOVERY,RECOVERY,1,0.634366,65,72.811183,72.225397,1.008111,1.000000,0,0.860000,0.871622,0.865772
143,localisation_drift,dijkstra_navfn_style,1,1,0,RECOVERY,RECOVERY,1,14.148646,2697,69.882251,69.882251,1.000000,1,0,0.824390,0.857868,0.840796
143,localisation_drift,a_star,1,1,0,RECOVERY,RECOVERY,1,0.806546,99,69.882251,69.882251,1.000000,1,0,0.824390,0.857868,0.840796
143,localisation_drift,weighted_a_star,1,1,0,RECOVERY,RECOVERY,1,0.442133,51,69.882251,69.882251,1.000000,1,0,0.824390,0.857868,0.840796
144,localisation_drift,dijkstra_navfn_style,0,1,0,RECOVERY,STOP,0,18.603774,2632,70.468037,69.882251,1.008382,1.000000,1,0.869748,0.907895,0.888412
144,localisation_drift,a_star,1,1,0,RECOVERY,RECOVERY,1,1.176995,125,70.468037,69.882251,1.008382,1.000000,0,0.869748,0.907895,0.888412
144,localisation_drift,weighted_a_star,1,1,0,RECOVERY,RECOVERY,1,0.578439,52,70.468037,69.882251,1.008382,1.000000,0,0.869748,0.907895,0.888412
145,localisation_drift,dijkstra_navfn_style,1,1,0,RECOVERY,RECOVERY,1,18.370681,2581,73.396970,73.396970,1.000000,1.000000,0,0.863985,0.909274,0.886051
145,localisation_drift,a_star,0,1,0,RECOVERY,STOP,0,4.407610,494,73.396970,73.396970,1.000000,1.000000,1,0.863985,0.909274,0.886051
145,localisation_drift,weighted_a_star,0,1,0,RECOVERY,STOP,0,1.014510,105,73.396970,73.396970,1.000000,1.000000,1,0.863985,0.909274,0.886051
146,localisation_drift,dijkstra_navfn_style,1,1,0,RECOVERY,RECOVERY,1,14.128342,2664,69.882251,69.882251,1.000000,1,0,0.863014,0.904306,0.883178
146,localisation_drift,a_star,1,1,0,RECOVERY,RECOVERY,1,0.785965,97,69.882251,69.882251,1.000000,1,0,0.863014,0.904306,0.883178
146,localisation_drift,weighted_a_star,1,1,0,RECOVERY,RECOVERY,1,0.482723,53,70.468037,69.882251,1.008382,1.000000,0,0.863014,0.904306,0.883178
147,localisation_drift,dijkstra_navfn_style,0,1,0,RECOVERY,STOP,0,18.925560,2655,71.639610,72.225397,0.991889,1.000000,1,0.848889,0.856502,0.852679
147,localisation_drift,a_star,0,1,0,RECOVERY,STOP,0,2.006593,220,71.639610,72.225397,0.991889,1.000000,1,0.848889,0.856502,0.852679
147,localisation_drift,weighted_a_star,0,1,0,RECOVERY,STOP,0,0.696572,70,71.639610,72.225397,0.991889,1.000000,1,0.848889,0.856502,0.852679
148,localisation_drift,dijkstra_navfn_style,1,1,0,RECOVERY,RECOVERY,1,17.668698,2668,69.882251,69.882251,1.000000,1,0,0.833718,0.898010,0.864671
148,localisation_drift,a_star,1,1,0,RECOVERY,RECOVERY,1,0.705095,101,69.882251,69.882251,1.000000,1,0,0.833718,0.898010,0.864671
148,localisation_drift,weighted_a_star,1,1,0,RECOVERY,RECOVERY,1,0.395751,51,69.882251,69.882251,1.000000,1,0,0.833718,0.898010,0.864671
149,localisation_drift,dijkstra_navfn_style,1,1,0,RECOVERY,RECOVERY,1,19.433937,2603,73.982756,73.982756,1.000000,1.000000,0,0.862475,0.865878,0.864173
149,localisation_drift,a_star,0,1,0,RECOVERY,STOP,0,4.610304,537,73.982756,73.982756,1.000000,1.000000,1,0.862475,0.865878,0.864173
149,localisation_drift,weighted_a_star,1,1,0,RECOVERY,RECOVERY,1,0.961503,99,75.740115,73.982756,1.023754,1,0,0.862475,0.865878,0.864173
150,localisation_drift,dijkstra_navfn_style,0,1,0,RECOVERY,STOP,0,20.511729,2677,72.225397,71.639610,1.008177,1.000000,1,0.835616,0.892683,0.863208
150,localisation_drift,a_star,0,1,0,RECOVERY,STOP,0,1.596056,171,72.225397,71.639610,1.008177,1.000000,1,0.835616,0.892683,0.863208
150,localisation_drift,weighted_a_star,0,1,0,RECOVERY,STOP,0,0.723923,71,72.811183,71.639610,1.016354,1.000000,2,0.835616,0.892683,0.863208
151,dynamic_intrusion,dijkstra_navfn_style,0,1,1,STOP,STOP,1,23.476774,2643,70.468037,70.468037,1.000000,1.000000,1,0.913978,0.910064,0.912017
151,dynamic_intrusion,a_star,0,1,1,STOP,STOP,1,1.246243,119,70.468037,70.468037,1.000000,1.000000,2,0.913978,0.910064,0.912017
151,dynamic_intrusion,weighted_a_star,0,1,1,STOP,STOP,1,0.610827,52,70.468037,70.468037,1.000000,1.000000,2,0.913978,0.910064,0.912017
152,dynamic_intrusion,dijkstra_navfn_style,0,1,0,SLOW,STOP,0,18.808421,2642,71.053824,71.053824,1.000000,1.000000,1,0.908316,0.920086,0.914163
152,dynamic_intrusion,a_star,1,1,0,SLOW,SLOW,1,1.418547,159,71.053824,71.053824,1.000000,1.000000,0,0.908316,0.920086,0.914163
152,dynamic_intrusion,weighted_a_star,1,1,0,SLOW,SLOW,1,0.565049,56,71.639610,71.053824,1.008244,1.000000,0,0.908316,0.920086,0.914163
153,dynamic_intrusion,dijkstra_navfn_style,1,1,0,SLOW,SLOW,1,14.669164,2679,70.468037,70.468037,1.000000,1.000000,0,0.939535,0.935185,0.937355
153,dynamic_intrusion,a_star,1,1,0,SLOW,SLOW,1,0.973304,118,70.468037,70.468037,1.000000,1.000000,0,0.939535,0.935185,0.937355
153,dynamic_intrusion,weighted_a_star,1,1,0,SLOW,SLOW,1,0.472487,53,70.468037,70.468037,1.000000,1.000000,0,0.939535,0.935185,0.937355
154,dynamic_intrusion,dijkstra_navfn_style,0,1,1,STOP,STOP,1,19.021554,2653,70.468037,70.468037,1.000000,1.000000,4,0.925275,0.907328,0.916213
154,dynamic_intrusion,a_star,0,1,1,STOP,STOP,1,1.885655,146,70.468037,70.468037,1.000000,1.000000,3,0.925275,0.907328,0.916213
154,dynamic_intrusion,weighted_a_star,0,1,1,STOP,STOP,1,0.597984,54,70.468037,70.468037,1.000000,1.000000,3,0.925275,0.907328,0.916213
155,dynamic_intrusion,dijkstra_navfn_style,0,1,1,STOP,STOP,1,14.916832,2665,70.468037,70.468037,1.000000,1.000000,3,0.933638,0.937931,0.935780
155,dynamic_intrusion,a_star,0,1,1,STOP,STOP,1,0.900933,120,70.468037,70.468037,1.000000,1.000000,3,0.933638,0.937931,0.935780
155,dynamic_intrusion,weighted_a_star,0,1,1,STOP,STOP,1,0.419635,52,70.468037,70.468037,1.000000,1.000000,3,0.933638,0.937931,0.935780
156,dynamic_intrusion,dijkstra_navfn_style,1,1,0,SLOW,PROCEED,0,18.580152,2685,70.468037,70.468037,1.000000,2.000000,0,0.916268,0.911905,0.914081
156,dynamic_intrusion,a_star,1,1,0,SLOW,SLOW,1,1.041739,113,70.468037,70.468037,1.000000,1.100000,0,0.916268,0.911905,0.914081
156,dynamic_intrusion,weighted_a_star,1,1,0,SLOW,SLOW,1,0.561022,53,70.468037,70.468037,1.000000,1.000000,0,0.916268,0.911905,0.914081
157,dynamic_intrusion,dijkstra_navfn_style,1,1,0,SLOW,SLOW,1,19.515465,2652,69.882251,69.882251,1.000000,1,0,0.908277,0.929062,0.918552
157,dynamic_intrusion,a_star,1,1,0,SLOW,SLOW,1,0.999261,108,69.882251,69.882251,1.000000,1,0,0.908277,0.929062,0.918552
157,dynamic_intrusion,weighted_a_star,1,1,0,SLOW,SLOW,1,0.548116,51,69.882251,69.882251,1.000000,1,0,0.908277,0.929062,0.918552
158,dynamic_intrusion,dijkstra_navfn_style,0,1,0,SLOW,STOP,0,18.633844,2677,69.882251,70.468037,0.991687,1,1,0.909091,0.939759,0.924171
158,dynamic_intrusion,a_star,0,1,0,SLOW,STOP,0,1.100524,107,69.882251,70.468037,0.991687,1,1,0.909091,0.939759,0.924171
158,dynamic_intrusion,weighted_a_star,0,1,0,SLOW,STOP,0,0.569912,51,69.882251,70.468037,0.991687,1,2,0.909091,0.939759,0.924171
159,dynamic_intrusion,dijkstra_navfn_style,0,1,1,STOP,RECOVERY,0,20.255204,2739,70.468037,70.468037,1.000000,1.000000,0,0.911051,0.906166,0.908602
159,dynamic_intrusion,a_star,0,1,1,STOP,STOP,1,1.315877,138,70.468037,70.468037,1.000000,1.000000,3,0.911051,0.906166,0.908602
159,dynamic_intrusion,weighted_a_star,0,1,1,STOP,STOP,1,0.595621,53,71.053824,70.468037,1.008313,1.000000,1,0.911051,0.906166,0.908602
160,dynamic_intrusion,dijkstra_navfn_style,1,1,0,SLOW,SLOW,1,20.548219,2756,70.468037,70.468037,1.000000,1.000000,0,0.875706,0.948012,0.910426
160,dynamic_intrusion,a_star,1,1,0,SLOW,SLOW,1,1.354835,140,70.468037,70.468037,1.000000,1.000000,0,0.875706,0.948012,0.910426
160,dynamic_intrusion,weighted_a_star,0,1,0,SLOW,STOP,0,0.561272,53,71.053824,70.468037,1.008313,1.000000,1,0.875706,0.948012,0.910426
161,dynamic_intrusion,dijkstra_navfn_style,1,1,0,SLOW,SLOW,1,18.147629,2680,73.396970,71.639610,1.024531,1.000000,0,0.954023,0.932584,0.943182
161,dynamic_intrusion,a_star,1,1,0,SLOW,SLOW,1,3.655347,424,73.396970,71.639610,1.024531,1.000000,0,0.954023,0.932584,0.943182
161,dynamic_intrusion,weighted_a_star,1,1,0,SLOW,SLOW,1,0.851074,89,74.811183,71.639610,1.044271,1.000000,0,0.954023,0.932584,0.943182
162,dynamic_intrusion,dijkstra_navfn_style,1,1,0,SLOW,SLOW,1,13.565657,2709,71.053824,71.053824,1.000000,1.000000,0,0.932836,0.939850,0.936330
162,dynamic_intrusion,a_star,1,1,0,SLOW,SLOW,1,1.219104,169,71.053824,71.053824,1.000000,1.000000,0,0.932836,0.939850,0.936330
162,dynamic_intrusion,weighted_a_star,1,1,0,SLOW,SLOW,1,0.435883,56,71.639610,71.053824,1.008244,1.000000,0,0.932836,0.939850,0.936330
163,dynamic_intrusion,dijkstra_navfn_style,0,1,0,SLOW,STOP,0,19.259671,2681,71.053824,71.053824,1.000000,1.000000,1,0.893519,0.941463,0.916865
163,dynamic_intrusion,a_star,1,1,0,SLOW,SLOW,1,1.953908,215,71.053824,71.053824,1.000000,1.000000,0,0.893519,0.941463,0.916865
163,dynamic_intrusion,weighted_a_star,1,1,0,SLOW,SLOW,1,0.801510,55,71.053824,71.053824,1.000000,1.000000,0,0.893519,0.941463,0.916865
164,dynamic_intrusion,dijkstra_navfn_style,1,1,0,SLOW,SLOW,1,19.641580,2678,70.468037,70.468037,1.000000,1.000000,0,0.911422,0.933174,0.922170
164,dynamic_intrusion,a_star,1,1,0,SLOW,SLOW,1,1.229996,121,70.468037,70.468037,1.000000,1.000000,0,0.911422,0.933174,0.922170
164,dynamic_intrusion,weighted_a_star,1,1,0,SLOW,SLOW,1,0.611882,54,71.053824,70.468037,1.008313,1.000000,0,0.911422,0.933174,0.922170
165,dynamic_intrusion,dijkstra_navfn_style,1,1,0,SLOW,SLOW,1,18.254724,2694,71.053824,71.053824,1.000000,1.000000,0,0.919240,0.941606,0.930288
165,dynamic_intrusion,a_star,1,1,0,SLOW,SLOW,1,1.473218,164,71.053824,71.053824,1.000000,1.000000,0,0.919240,0.941606,0.930288
165,dynamic_intrusion,weighted_a_star,1,1,0,SLOW,SLOW,1,0.551218,54,71.639610,71.053824,1.008244,1.000000,0,0.919240,0.941606,0.930288
166,dynamic_intrusion,dijkstra_navfn_style,0,1,0,SLOW,STOP,0,18.789807,2736,69.882251,69.882251,1.000000,1,1,0.894879,0.948571,0.920943
166,dynamic_intrusion,a_star,0,1,0,SLOW,STOP,0,1.260054,134,69.882251,69.882251,1.000000,1,1,0.894879,0.948571,0.920943
166,dynamic_intrusion,weighted_a_star,1,1,0,SLOW,SLOW,1,0.552667,52,70.468037,69.882251,1.008382,1.000000,0,0.894879,0.948571,0.920943
167,dynamic_intrusion,dijkstra_navfn_style,0,1,0,SLOW,STOP,0,19.036678,2658,70.468037,71.053824,0.991756,1.000000,1,0.913832,0.941589,0.927503
167,dynamic_intrusion,a_star,0,1,0,SLOW,STOP,0,1.765822,173,70.468037,71.053824,0.991756,1.000000,1,0.913832,0.941589,0.927503
167,dynamic_intrusion,weighted_a_star,1,1,0,SLOW,SLOW,1,0.684438,58,72.225397,71.053824,1.016489,1.000000,0,0.913832,0.941589,0.927503
168,dynamic_intrusion,dijkstra_navfn_style,0,1,1,STOP,STOP,1,19.611683,2726,70.468037,69.882251,1.008382,1.000000,4,0.903646,0.906005,0.904824
168,dynamic_intrusion,a_star,0,1,1,STOP,STOP,1,1.170035,123,70.468037,69.882251,1.008382,1.000000,2,0.903646,0.906005,0.904824
168,dynamic_intrusion,weighted_a_star,0,1,1,STOP,RECOVERY,0,0.560920,54,71.053824,69.882251,1.016765,1.000000,0,0.903646,0.906005,0.904824
169,dynamic_intrusion,dijkstra_navfn_style,0,1,0,SLOW,STOP,0,19.268251,2677,70.468037,71.639610,0.983646,0.100000,6,0.912240,0.940476,0.926143
169,dynamic_intrusion,a_star,0,1,0,SLOW,STOP,0,1.284547,135,70.468037,71.639610,0.983646,0.100000,6,0.912240,0.940476,0.926143
169,dynamic_intrusion,weighted_a_star,0,1,0,SLOW,STOP,0,0.602448,54,70.468037,71.639610,0.983646,0.100000,6,0.912240,0.940476,0.926143
170,dynamic_intrusion,dijkstra_navfn_style,0,1,1,STOP,STOP,1,14.362198,2658,70.468037,70.468037,1.000000,1.000000,3,0.926339,0.936795,0.931538
170,dynamic_intrusion,a_star,0,1,1,STOP,STOP,1,1.251810,126,70.468037,70.468037,1.000000,1.000000,3,0.926339,0.936795,0.931538
170,dynamic_intrusion,weighted_a_star,0,1,1,STOP,STOP,1,0.455929,54,71.053824,70.468037,1.008313,1.000000,3,0.926339,0.936795,0.931538
171,dynamic_intrusion,dijkstra_navfn_style,1,1,0,SLOW,SLOW,1,19.174428,2715,70.468037,70.468037,1.000000,1.000000,0,0.891139,0.919060,0.904884
171,dynamic_intrusion,a_star,1,1,0,SLOW,SLOW,1,1.199477,129,70.468037,70.468037,1.000000,1.000000,0,0.891139,0.919060,0.904884
171,dynamic_intrusion,weighted_a_star,0,1,0,SLOW,STOP,0,0.568839,53,71.053824,70.468037,1.008313,1.000000,1,0.891139,0.919060,0.904884
172,dynamic_intrusion,dijkstra_navfn_style,1,1,0,SLOW,SLOW,1,19.358564,2696,71.053824,71.053824,1.000000,1.000000,0,0.928058,0.925837,0.926946
172,dynamic_intrusion,a_star,1,1,0,SLOW,SLOW,1,1.177156,132,71.053824,71.053824,1.000000,1.000000,0,0.928058,0.925837,0.926946
172,dynamic_intrusion,weighted_a_star,1,1,0,SLOW,SLOW,1,0.585202,57,71.639610,71.053824,1.008244,1.000000,0,0.928058,0.925837,0.926946
173,dynamic_intrusion,dijkstra_navfn_style,1,1,0,SLOW,SLOW,1,21.031361,2640,70.468037,70.468037,1.000000,1.000000,0,0.933902,0.918239,0.926004
173,dynamic_intrusion,a_star,1,1,0,SLOW,SLOW,1,1.195359,118,70.468037,70.468037,1.000000,1.000000,0,0.933902,0.918239,0.926004
173,dynamic_intrusion,weighted_a_star,0,1,0,SLOW,STOP,0,0.545801,52,70.468037,70.468037,1.000000,1.000000,1,0.933902,0.918239,0.926004
174,dynamic_intrusion,dijkstra_navfn_style,0,1,1,STOP,STOP,1,19.993374,2687,71.053824,70.468037,1.008313,1.000000,2,0.904535,0.919903,0.912154
174,dynamic_intrusion,a_star,0,1,1,STOP,STOP,1,0.891323,91,71.053824,70.468037,1.008313,1.000000,3,0.904535,0.919903,0.912154
174,dynamic_intrusion,weighted_a_star,0,1,1,STOP,STOP,1,0.561304,54,71.053824,70.468037,1.008313,1.000000,3,0.904535,0.919903,0.912154
175,dynamic_intrusion,dijkstra_navfn_style,0,1,1,STOP,STOP,1,18.351125,2701,72.225397,72.225397,1.000000,1.000000,2,0.929952,0.934466,0.932203
175,dynamic_intrusion,a_star,0,1,1,STOP,STOP,1,2.261068,266,72.225397,72.225397,1.000000,1.000000,3,0.929952,0.934466,0.932203
175,dynamic_intrusion,weighted_a_star,0,1,1,STOP,STOP,1,0.644858,67,72.225397,72.225397,1.000000,1.000000,3,0.929952,0.934466,0.932203
176,dynamic_intrusion,dijkstra_navfn_style,1,1,0,SLOW,SLOW,1,18.534493,2615,70.468037,70.468037,1.000000,1.000000,0,0.919918,0.931393,0.925620
176,dynamic_intrusion,a_star,1,1,0,SLOW,SLOW,1,1.157390,127,70.468037,70.468037,1.000000,1.000000,0,0.919918,0.931393,0.925620
176,dynamic_intrusion,weighted_a_star,1,1,0,SLOW,SLOW,1,0.556895,52,70.468037,70.468037,1.000000,1.000000,0,0.919918,0.931393,0.925620
177,dynamic_intrusion,dijkstra_navfn_style,1,1,0,SLOW,SLOW,1,19.321801,2620,69.296465,69.296465,1.000000,1.000000,0,0.918067,0.931770,0.924868
177,dynamic_intrusion,a_star,1,1,0,SLOW,SLOW,1,0.565452,50,69.296465,69.296465,1.000000,1.000000,0,0.918067,0.931770,0.924868
177,dynamic_intrusion,weighted_a_star,1,1,0,SLOW,SLOW,1,0.561038,50,69.296465,69.296465,1.000000,1.000000,0,0.918067,0.931770,0.924868
178,dynamic_intrusion,dijkstra_navfn_style,0,1,1,STOP,STOP,1,19.281919,2711,71.053824,71.639610,0.991823,1.000000,1,0.918575,0.932817,0.925641
178,dynamic_intrusion,a_star,0,1,1,STOP,STOP,1,1.959841,137,71.053824,71.639610,0.991823,1.000000,2,0.918575,0.932817,0.925641
178,dynamic_intrusion,weighted_a_star,0,1,1,STOP,STOP,1,0.822798,54,71.053824,71.639610,0.991823,1.000000,4,0.918575,0.932817,0.925641
179,dynamic_intrusion,dijkstra_navfn_style,0,1,1,STOP,STOP,1,18.541752,2688,72.811183,72.811183,1.000000,1.000000,3,0.903073,0.920482,0.911695
179,dynamic_intrusion,a_star,0,1,1,STOP,STOP,1,3.521998,378,72.811183,72.811183,1.000000,1.000000,2,0.903073,0.920482,0.911695
179,dynamic_intrusion,weighted_a_star,0,1,1,STOP,RECOVERY,0,0.657446,68,72.811183,72.811183,1.000000,1.000000,0,0.903073,0.920482,0.911695
180,dynamic_intrusion,dijkstra_navfn_style,0,1,1,STOP,STOP,1,31.078174,2675,70.468037,70.468037,1.000000,1.000000,1,0.937209,0.946009,0.941589
180,dynamic_intrusion,a_star,0,1,1,STOP,STOP,1,1.525344,121,70.468037,70.468037,1.000000,1.000000,2,0.937209,0.946009,0.941589
180,dynamic_intrusion,weighted_a_star,0,1,1,STOP,STOP,1,0.734538,55,71.639610,70.468037,1.016626,1.000000,1,0.937209,0.946009,0.941589
